# This file uses centimeters as units for non-parametric coordinates.

mtllib painted_well.mtl
g default
v 57.409823 13.571118 10.194895
v 57.409823 13.571118 9.589368
v 56.794966 12.975680 10.194896
v 56.794966 12.975680 9.589368
vt 0.430915 0.748120
vt 0.504832 0.748126
vt 0.430906 0.852602
vt 0.504823 0.852608
vn -0.695673 0.718359 -0.000000
vn -0.695673 0.718359 -0.000000
vn -0.695673 0.718359 -0.000000
vn -0.695673 0.718359 -0.000000
s off
g log_circles1
usemtl main1
f 1/1/1 2/2/2 4/4/3 3/3/4
g default
v 56.853661 7.035930 10.046524
v 56.964184 6.947688 10.157047
v 57.115162 6.834166 10.197501
v 57.266140 6.720570 10.157047
v 57.376663 6.644872 10.046524
v 57.415047 6.616940 9.895548
v 57.376663 6.644872 9.744571
v 57.266140 6.720570 9.634048
v 57.115162 6.834166 9.593594
v 56.964184 6.947688 9.634048
v 56.853661 7.035930 9.744571
v 56.813210 7.080859 9.895548
v 56.853661 13.029487 10.046524
v 56.964184 13.142404 10.157047
v 57.115162 13.284595 10.197501
v 57.266140 13.428877 10.157047
v 57.376663 13.535521 10.046524
v 57.414566 13.571882 9.895548
v 57.376663 13.535521 9.744571
v 57.266140 13.428877 9.634048
v 57.115162 13.284595 9.593594
v 56.964184 13.142404 9.634048
v 56.853661 13.029487 9.744571
v 56.813210 12.981392 9.895548
v 56.883652 11.991352 10.029122
v 56.981445 11.991352 10.126905
v 57.115021 11.991352 10.162697
v 57.248596 11.991352 10.126905
v 57.346390 11.991352 10.029122
v 57.380013 11.991351 9.895548
v 57.346390 11.991352 9.761973
v 57.248596 11.991352 9.664189
v 57.115021 11.991352 9.628397
v 56.981445 11.991352 9.664189
v 56.883652 11.991352 9.761973
v 56.847862 11.991352 9.895548
v 56.860550 11.866028 10.042526
v 56.968151 11.863571 10.150123
v 57.115128 11.860412 10.189507
v 57.262108 11.857248 10.150123
v 57.369709 11.855142 10.042526
v 57.392792 11.854363 9.895548
v 57.369709 11.855142 9.748569
v 57.262108 11.857248 9.640972
v 57.115128 11.860412 9.601589
v 56.968151 11.863571 9.640972
v 56.860550 11.866028 9.748569
v 56.821171 11.867279 9.895548
v 56.866585 12.145159 10.040919
v 56.973007 12.163306 10.147338
v 57.118374 12.186159 10.186291
v 57.263748 12.209347 10.147338
v 57.370167 12.226487 10.040919
v 57.406754 12.232330 9.895548
v 57.370167 12.226487 9.750176
v 57.263748 12.209347 9.643757
v 57.118374 12.186159 9.604805
v 56.973007 12.163306 9.643757
v 56.866585 12.145159 9.750176
v 56.827633 12.137429 9.895548
vt 0.207797 0.001953
vt 0.217567 0.001953
vt 0.227397 0.001953
vt 0.237330 0.001953
vt 0.247430 0.001953
vt 0.257452 0.001953
vt 0.142812 0.001953
vt 0.153283 0.001953
vt 0.163777 0.001953
vt 0.174547 0.001953
vt 0.185761 0.001953
vt 0.197354 0.001953
vt 0.207797 0.419943
vt 0.217567 0.419943
vt 0.227397 0.419943
vt 0.237330 0.419943
vt 0.247430 0.419943
vt 0.132433 0.419943
vt 0.142812 0.419943
vt 0.153283 0.419943
vt 0.163777 0.419943
vt 0.174547 0.419943
vt 0.185761 0.419943
vt 0.197354 0.419943
vt 0.207797 0.335890
vt 0.217567 0.335890
vt 0.227397 0.335890
vt 0.237330 0.335890
vt 0.247430 0.335890
vt 0.257452 0.335890
vt 0.142812 0.335890
vt 0.153283 0.335890
vt 0.163777 0.335890
vt 0.174547 0.335890
vt 0.185761 0.335890
vt 0.197354 0.335890
vt 0.207797 0.327393
vt 0.217567 0.327393
vt 0.227397 0.327393
vt 0.237330 0.327393
vt 0.247430 0.327393
vt 0.132433 0.327393
vt 0.142812 0.327393
vt 0.153283 0.327393
vt 0.163777 0.327393
vt 0.174547 0.327393
vt 0.185761 0.327393
vt 0.197354 0.327393
vt 0.207797 0.349710
vt 0.217567 0.349710
vt 0.227397 0.349710
vt 0.237330 0.349710
vt 0.247430 0.349710
vt 0.132433 0.349710
vt 0.142812 0.349710
vt 0.153283 0.349710
vt 0.163777 0.349710
vt 0.174547 0.349710
vt 0.185761 0.349710
vt 0.197354 0.349710
vt 0.257452 0.349710
vt 0.257452 0.419943
vt 0.257452 0.327393
vt 0.132433 0.335890
vt 0.132433 0.001953
vn -0.820099 -0.015249 0.572018
vn -0.863167 -0.032366 0.503880
vn -0.495190 -0.029250 0.868292
vn -0.384167 -0.012299 0.923182
vn 0.002999 -0.025971 0.999658
vn 0.140765 -0.009483 0.989998
vn 0.500319 -0.023103 0.865533
vn 0.609283 -0.007435 0.792918
vn 0.869134 -0.021177 0.494124
vn 0.910193 -0.006302 0.414136
vn 0.999791 -0.020446 0.000000
vn 0.999982 -0.005932 0.000000
vn 0.869134 -0.021179 -0.494123
vn 0.910193 -0.006303 -0.414136
vn 0.500323 -0.023104 -0.865530
vn 0.609286 -0.007437 -0.792916
vn 0.003000 -0.025970 -0.999658
vn 0.140769 -0.009483 -0.989997
vn -0.495190 -0.029250 -0.868292
vn -0.384168 -0.012299 -0.923181
vn -0.863166 -0.032365 -0.503881
vn -0.820098 -0.015248 -0.572020
vn -0.999426 -0.033873 -0.000000
vn -0.999861 -0.016698 0.000000
vn -0.487316 0.017618 0.873048
vn -0.860901 0.022913 0.508257
vn -0.865915 0.006533 0.500149
vn -0.499789 0.006428 0.866123
vn 0.015440 0.011371 0.999816
vn 0.000193 0.006297 0.999980
vn 0.511077 0.005982 0.859514
vn 0.500083 0.006167 0.865956
vn 0.877081 -0.007612 0.480282
vn 0.879273 0.006171 0.476278
vn 0.999812 -0.019392 -0.000000
vn 0.999981 0.006167 0.000000
vn 0.879274 0.006171 -0.476276
vn 0.877083 -0.007609 -0.480278
vn 0.500079 0.006168 -0.865958
vn 0.511081 0.005984 -0.859512
vn 0.000193 0.006297 -0.999980
vn 0.015441 0.011375 -0.999816
vn -0.499786 0.006428 -0.866125
vn -0.487316 0.017623 -0.873048
vn -0.865916 0.006533 -0.500147
vn -0.860902 0.022917 -0.508254
vn -0.999978 0.006597 -0.000000
vn -0.999686 0.025066 -0.000001
vn -0.831711 0.001640 0.555207
vn -0.414139 0.001609 0.910212
vn 0.109583 0.001575 0.993977
vn 0.583790 0.001550 0.811904
vn 0.909311 0.002396 0.416110
vn 0.999996 0.002875 0.000000
vn 0.909312 0.002395 -0.416108
vn 0.583786 0.001550 -0.811906
vn 0.109581 0.001575 -0.993977
vn -0.414136 0.001609 -0.910214
vn -0.831712 0.001640 -0.555205
vn -0.999999 0.001655 -0.000000
s 1
g well_log_main_low5
usemtl main1
f 17/17/5 53/53/6 54/54/7 18/18/8
f 18/18/8 54/54/7 55/55/9 19/19/10
f 19/19/10 55/55/9 56/56/11 20/20/12
f 20/20/12 56/56/11 57/57/13 21/21/14
f 21/21/14 57/57/13 58/65/15 22/66/16
f 58/58/15 59/59/17 23/23/18 22/22/16
f 59/59/17 60/60/19 24/24/20 23/23/18
f 60/60/19 61/61/21 25/25/22 24/24/20
f 61/61/21 62/62/23 26/26/24 25/25/22
f 62/62/23 63/63/25 27/27/26 26/26/24
f 63/63/25 64/64/27 28/28/28 27/27/26
f 28/28/28 64/64/27 53/53/6 17/17/5
f 30/30/29 29/29/30 41/41/31 42/42/32
f 31/31/33 30/30/29 42/42/32 43/43/34
f 32/32/35 31/31/33 43/43/34 44/44/36
f 33/33/37 32/32/35 44/44/36 45/45/38
f 34/34/39 33/33/37 45/45/38 46/67/40
f 46/46/40 47/47/41 35/35/42 34/68/39
f 47/47/41 48/48/43 36/36/44 35/35/42
f 48/48/43 49/49/45 37/37/46 36/36/44
f 49/49/45 50/50/47 38/38/48 37/37/46
f 50/50/47 51/51/49 39/39/50 38/38/48
f 51/51/49 52/52/51 40/40/52 39/39/50
f 29/29/30 40/40/52 52/52/51 41/41/31
f 42/42/32 41/41/31 5/5/53 6/6/54
f 43/43/34 42/42/32 6/6/54 7/7/55
f 44/44/36 43/43/34 7/7/55 8/8/56
f 45/45/38 44/44/36 8/8/56 9/9/57
f 46/67/40 45/45/38 9/9/57 10/10/58
f 10/69/58 11/11/59 47/47/41 46/46/40
f 11/11/59 12/12/60 48/48/43 47/47/41
f 12/12/60 13/13/61 49/49/45 48/48/43
f 13/13/61 14/14/62 50/50/47 49/49/45
f 14/14/62 15/15/63 51/51/49 50/50/47
f 15/15/63 16/16/64 52/52/51 51/51/49
f 41/41/31 52/52/51 16/16/64 5/5/53
f 54/54/7 53/53/6 29/29/30 30/30/29
f 55/55/9 54/54/7 30/30/29 31/31/33
f 56/56/11 55/55/9 31/31/33 32/32/35
f 57/57/13 56/56/11 32/32/35 33/33/37
f 58/65/15 57/57/13 33/33/37 34/34/39
f 34/68/39 35/35/42 59/59/17 58/58/15
f 35/35/42 36/36/44 60/60/19 59/59/17
f 36/36/44 37/37/46 61/61/21 60/60/19
f 37/37/46 38/38/48 62/62/23 61/61/21
f 38/38/48 39/39/50 63/63/25 62/62/23
f 39/39/50 40/40/52 64/64/27 63/63/25
f 53/53/6 64/64/27 40/40/52 29/29/30
g default
v 58.799274 9.098475 19.677477
v 58.770332 9.001994 19.651625
v 58.695004 8.910711 19.627165
v 58.571278 8.855716 19.612429
v 58.436131 8.840075 19.608238
v 58.301514 8.822613 19.603559
v 58.468082 9.409945 19.760935
v 58.571575 9.403517 19.759212
v 58.668514 9.365270 19.748962
v 58.746799 9.294141 19.729904
v 58.792801 9.199986 19.704676
v 58.799274 8.959642 20.195597
v 58.770332 8.863163 20.169744
v 58.695004 8.771880 20.145285
v 58.571278 8.716886 20.130548
v 58.436131 8.701242 20.126358
v 58.301514 8.683782 20.121679
v 58.468082 9.271112 20.279055
v 58.571575 9.264686 20.277332
v 58.668514 9.226439 20.267082
v 58.746799 9.155311 20.248024
v 58.792801 9.061156 20.222794
v 57.916046 8.775543 19.590946
v 57.916046 8.636714 20.109066
v 57.916046 9.421763 19.764101
v 57.916046 9.282933 20.282221
v 57.032818 9.098475 19.677477
v 57.061760 9.001994 19.651625
v 57.137089 8.910711 19.627165
v 57.260815 8.855716 19.612429
v 57.395962 8.840075 19.608238
v 57.530579 8.822613 19.603559
v 57.364010 9.409945 19.760935
v 57.260517 9.403517 19.759212
v 57.163578 9.365270 19.748962
v 57.085293 9.294141 19.729904
v 57.039291 9.199986 19.704676
v 57.032818 8.959642 20.195597
v 57.061760 8.863163 20.169744
v 57.137089 8.771880 20.145285
v 57.260815 8.716886 20.130548
v 57.395962 8.701242 20.126358
v 57.530579 8.683782 20.121679
v 57.364010 9.271112 20.279055
v 57.260517 9.264686 20.277332
v 57.163578 9.226439 20.267082
v 57.085293 9.155311 20.248024
v 57.039291 9.061156 20.222794
vt 0.193582 0.874765
vt 0.180875 0.874767
vt 0.166108 0.874770
vt 0.149466 0.874773
vt 0.132834 0.874776
vt 0.116238 0.874779
vt 0.258217 0.874753
vt 0.245545 0.874755
vt 0.232750 0.874757
vt 0.219617 0.874760
vt 0.206447 0.874762
vt 0.193594 0.940307
vt 0.180887 0.940310
vt 0.166120 0.940312
vt 0.149478 0.940315
vt 0.132846 0.940318
vt 0.116250 0.940322
vt 0.258229 0.940295
vt 0.245557 0.940298
vt 0.232762 0.940300
vt 0.219630 0.940302
vt 0.206459 0.940304
vt 0.068775 0.940330
vt 0.325687 0.874740
vt 0.325699 0.940283
vt 0.068762 0.874788
vt 0.180883 0.874763
vt 0.193590 0.874764
vt 0.193585 0.940306
vt 0.180878 0.940305
vt 0.166116 0.874762
vt 0.166111 0.940304
vt 0.149474 0.874760
vt 0.149469 0.940303
vt 0.132843 0.874759
vt 0.132838 0.940302
vt 0.116246 0.874758
vt 0.116241 0.940300
vt 0.258225 0.874769
vt 0.325695 0.874774
vt 0.325690 0.940316
vt 0.258220 0.940311
vt 0.245554 0.874768
vt 0.245548 0.940310
vt 0.232758 0.874767
vt 0.232753 0.940309
vt 0.219626 0.874766
vt 0.219621 0.940308
vt 0.206456 0.874765
vt 0.206451 0.940307
vt 0.068766 0.940297
vt 0.068771 0.874754
vn 0.881228 -0.456585 -0.122345
vn 0.994047 -0.105243 -0.028202
vn 0.994046 -0.105245 -0.028203
vn 0.881228 -0.456584 -0.122345
vn 0.605482 -0.768741 -0.205984
vn 0.605482 -0.768740 -0.205984
vn 0.271849 -0.929549 -0.249070
vn 0.271849 -0.929550 -0.249070
vn 0.126028 -0.958224 -0.256756
vn 0.126028 -0.958224 -0.256756
vn 0.127407 -0.958054 -0.256711
vn 0.127407 -0.958054 -0.256711
vn 0.028805 0.965525 0.258713
vn -0.000000 0.965926 0.258820
vn -0.000000 0.965926 0.258820
vn 0.028805 0.965525 0.258713
vn 0.224848 0.941191 0.252196
vn 0.224846 0.941192 0.252196
vn 0.542755 0.811273 0.217380
vn 0.542754 0.811273 0.217380
vn 0.809094 0.567655 0.152101
vn 0.809094 0.567655 0.152101
vn 0.968045 0.242233 0.064904
vn 0.968045 0.242232 0.064903
vn 0.000000 -0.965926 -0.258820
vn 0.000000 -0.965926 -0.258820
vn -0.881228 -0.456585 -0.122345
vn -0.881228 -0.456584 -0.122345
vn -0.994045 -0.105260 -0.028203
vn -0.994045 -0.105257 -0.028202
vn -0.605482 -0.768740 -0.205985
vn -0.605483 -0.768740 -0.205984
vn -0.271850 -0.929549 -0.249072
vn -0.271850 -0.929549 -0.249072
vn -0.126031 -0.958222 -0.256762
vn -0.126031 -0.958222 -0.256762
vn -0.127407 -0.958053 -0.256713
vn -0.127407 -0.958053 -0.256713
vn -0.028806 0.965524 0.258714
vn -0.028806 0.965524 0.258714
vn -0.224853 0.941190 0.252197
vn -0.224851 0.941190 0.252198
vn -0.542755 0.811273 0.217380
vn -0.542753 0.811273 0.217380
vn -0.809092 0.567658 0.152100
vn -0.809092 0.567658 0.152100
vn -0.968048 0.242220 0.064904
vn -0.968049 0.242218 0.064904
s 1
g ropes_low
usemtl main1
f 66/71/65 65/70/66 76/81/67 77/82/68
f 67/72/69 66/71/65 77/82/68 78/83/70
f 68/73/71 67/72/69 78/83/70 79/84/72
f 69/74/73 68/73/71 79/84/72 80/85/74
f 70/75/75 69/74/73 80/85/74 81/86/76
f 71/76/77 89/93/78 90/94/79 82/87/80
f 72/77/81 71/76/77 82/87/80 83/88/82
f 73/78/83 72/77/81 83/88/82 84/89/84
f 74/79/85 73/78/83 84/89/84 85/90/86
f 75/80/87 74/79/85 85/90/86 86/91/88
f 65/70/66 75/80/87 86/91/88 76/81/67
f 88/92/89 87/95/90 70/75/75 81/86/76
f 92/96/91 103/99/92 102/98/93 91/97/94
f 93/100/95 104/101/96 103/99/92 92/96/91
f 94/102/97 105/103/98 104/101/96 93/100/95
f 95/104/99 106/105/100 105/103/98 94/102/97
f 96/106/101 107/107/102 106/105/100 95/104/99
f 97/108/103 108/111/104 90/110/79 89/109/78
f 98/112/105 109/113/106 108/111/104 97/108/103
f 99/114/107 110/115/108 109/113/106 98/112/105
f 100/116/109 111/117/110 110/115/108 99/114/107
f 101/118/111 112/119/112 111/117/110 100/116/109
f 91/97/94 102/98/93 112/119/112 101/118/111
f 88/120/89 107/107/102 96/106/101 87/121/90
g default
v 57.816353 14.098475 -5.299303
v 57.977165 14.098475 -5.299303
v 57.816353 12.515814 -5.299303
v 57.977165 12.515814 -5.299303
vt 0.631871 0.784560
vt 0.651502 0.784560
vt 0.631873 0.977756
vt 0.651504 0.977757
vn 0.000000 0.000000 -1.000000
vn 0.000000 0.000000 -1.000000
vn 0.000000 0.000000 -1.000000
vn 0.000000 0.000000 -1.000000
s off
g iron_chain_6pack2_low3
usemtl main1
f 113/122/113 114/123/114 116/125/115 115/124/116
g default
v 57.892607 15.546935 -5.380125
v 57.892607 15.546935 -5.219753
v 57.892607 13.961941 -5.380125
v 57.892607 13.961941 -5.219753
vt 0.598424 0.785967
vt 0.618000 0.785964
vt 0.598459 0.979445
vt 0.618035 0.979442
vn 1.000000 0.000000 0.000000
vn 1.000000 0.000000 0.000000
vn 1.000000 0.000000 0.000000
vn 1.000000 0.000000 0.000000
s off
g iron_chain_6pack1_low2
usemtl main1
f 117/126/117 118/127/118 120/129/119 119/128/120
g default
v 57.895754 15.546935 -5.380125
v 57.895754 15.546935 -5.219753
v 57.895754 13.961941 -5.380125
v 57.895754 13.961941 -5.219753
vt 0.598424 0.785967
vt 0.618000 0.785964
vt 0.598459 0.979445
vt 0.618035 0.979442
vn 1.000000 0.000000 0.000000
vn 1.000000 0.000000 0.000000
vn 1.000000 0.000000 0.000000
vn 1.000000 0.000000 0.000000
s off
g iron_chain_6pack1_low1
usemtl main1
f 121/130/121 122/131/122 124/133/123 123/132/124
g default
v 57.816353 14.098475 -5.300433
v 57.977165 14.098475 -5.300433
v 57.816353 12.515814 -5.300433
v 57.977165 12.515814 -5.300433
vt 0.631871 0.784560
vt 0.651502 0.784560
vt 0.631873 0.977756
vt 0.651504 0.977757
vn 0.000000 0.000000 -1.000000
vn 0.000000 0.000000 -1.000000
vn 0.000000 0.000000 -1.000000
vn 0.000000 0.000000 -1.000000
s off
g iron_chain_6pack2_low5
usemtl main1
f 125/134/125 126/135/126 128/137/127 127/136/128
g default
v 57.816353 14.098475 -5.295914
v 57.977165 14.098475 -5.295914
v 57.816353 12.515814 -5.295914
v 57.977165 12.515814 -5.295914
vt 0.631871 0.784560
vt 0.651502 0.784560
vt 0.631873 0.977756
vt 0.651504 0.977757
vn 0.000000 0.000000 -1.000000
vn 0.000000 0.000000 -1.000000
vn 0.000000 0.000000 -1.000000
vn 0.000000 0.000000 -1.000000
s off
g iron_chain_6pack2_low4
usemtl main1
f 129/138/129 130/139/130 132/141/131 131/140/132
g default
v 57.893826 15.837671 -5.408818
v 57.893826 15.837671 -5.189153
v 57.893826 15.589088 -5.408818
v 57.893826 15.589088 -5.189153
vt 0.518248 0.748026
vt 0.545061 0.748030
vt 0.518242 0.778370
vt 0.545057 0.778374
vn 1.000000 0.000000 0.000000
vn 1.000000 0.000000 0.000000
vn 1.000000 0.000000 0.000000
vn 1.000000 0.000000 0.000000
s off
g iron_ring_low2
usemtl main1
f 133/142/133 134/143/134 136/145/135 135/144/136
g default
v 57.898718 15.837671 -5.408818
v 57.898718 15.837671 -5.189153
v 57.898718 15.589088 -5.408818
v 57.898718 15.589088 -5.189153
vt 0.518248 0.748026
vt 0.545061 0.748030
vt 0.518242 0.778370
vt 0.545057 0.778374
vn 1.000000 0.000000 0.000000
vn 1.000000 0.000000 0.000000
vn 1.000000 0.000000 0.000000
vn 1.000000 0.000000 0.000000
s off
g iron_ring_low1
usemtl main1
f 137/146/137 138/147/138 140/149/139 139/148/140
g default
v 57.451412 6.582418 9.593177
v 57.451412 6.582418 10.193775
v 56.773868 7.093936 9.593176
v 56.773868 7.093936 10.193775
vt 0.430915 0.748120
vt 0.504832 0.748126
vt 0.430906 0.852602
vt 0.504823 0.852608
vn -0.602530 -0.798096 0.000000
vn -0.602531 -0.798096 0.000000
vn -0.602531 -0.798096 0.000000
vn -0.602530 -0.798096 0.000000
s off
g log_circles32
usemtl main1
f 141/150/141 142/151/142 144/153/143 143/152/144
g default
v 57.816353 15.681137 -5.295914
v 57.977165 15.681137 -5.295914
v 57.816353 14.098475 -5.295914
v 57.977165 14.098475 -5.295914
vt 0.631871 0.784560
vt 0.651502 0.784560
vt 0.631873 0.977756
vt 0.651504 0.977757
vn 0.000000 0.000000 -1.000000
vn 0.000000 0.000000 -1.000000
vn 0.000000 0.000000 -1.000000
vn 0.000000 0.000000 -1.000000
s off
g iron_chain_6pack2_low2
usemtl main1
f 145/154/145 146/155/146 148/157/147 147/156/148
g default
v 57.816353 15.681137 -5.300433
v 57.977165 15.681137 -5.300433
v 57.816353 14.098475 -5.300433
v 57.977165 14.098475 -5.300433
vt 0.631871 0.784560
vt 0.651502 0.784560
vt 0.631873 0.977756
vt 0.651504 0.977757
vn 0.000000 0.000000 -1.000000
vn 0.000000 0.000000 -1.000000
vn 0.000000 0.000000 -1.000000
vn 0.000000 0.000000 -1.000000
s off
g iron_chain_6pack2_low1
usemtl main1
f 149/158/149 150/159/150 152/161/151 151/160/152
g default
v 58.793944 9.098057 19.679041
v 58.765177 9.002159 19.653344
v 58.690302 8.911427 19.629032
v 58.567323 8.856763 19.614385
v 58.432992 8.841216 19.610220
v 58.299187 8.823860 19.605569
v 58.464751 9.407648 19.761995
v 58.567619 9.401258 19.760283
v 58.663973 9.363242 19.750095
v 58.741786 9.292542 19.731152
v 58.787510 9.198955 19.706075
v 58.793944 8.960062 20.194034
v 58.765177 8.864165 20.168337
v 58.690302 8.773433 20.144025
v 58.567323 8.718771 20.129378
v 58.432992 8.703222 20.125213
v 58.299187 8.685867 20.120562
v 58.464751 9.269653 20.276988
v 58.567619 9.263265 20.275276
v 58.663973 9.225249 20.265088
v 58.741786 9.154550 20.246144
v 58.787510 9.060964 20.221066
v 57.916046 8.777074 19.593032
v 57.916046 8.639083 20.108025
v 57.916046 9.419394 19.765142
v 57.916046 9.281402 20.280135
v 57.038148 9.098057 19.679041
v 57.066916 9.002159 19.653344
v 57.141790 8.911427 19.629032
v 57.264769 8.856763 19.614385
v 57.399101 8.841216 19.610220
v 57.532905 8.823860 19.605569
v 57.367341 9.407648 19.761995
v 57.264473 9.401258 19.760283
v 57.168119 9.363242 19.750095
v 57.090307 9.292542 19.731152
v 57.044583 9.198955 19.706075
v 57.038148 8.960062 20.194034
v 57.066916 8.864165 20.168337
v 57.141790 8.773433 20.144025
v 57.264769 8.718771 20.129378
v 57.399101 8.703222 20.125213
v 57.532905 8.685867 20.120562
v 57.367341 9.269653 20.276988
v 57.264473 9.263265 20.275276
v 57.168119 9.225249 20.265088
v 57.090307 9.154550 20.246144
v 57.044583 9.060964 20.221066
vt 0.193582 0.874765
vt 0.180875 0.874767
vt 0.166108 0.874770
vt 0.149466 0.874773
vt 0.132834 0.874776
vt 0.116238 0.874779
vt 0.258217 0.874753
vt 0.245545 0.874755
vt 0.232750 0.874757
vt 0.219617 0.874760
vt 0.206447 0.874762
vt 0.193594 0.940307
vt 0.180887 0.940310
vt 0.166120 0.940312
vt 0.149478 0.940315
vt 0.132846 0.940318
vt 0.116250 0.940322
vt 0.258229 0.940295
vt 0.245557 0.940298
vt 0.232762 0.940300
vt 0.219630 0.940302
vt 0.206459 0.940304
vt 0.068775 0.940330
vt 0.325687 0.874740
vt 0.325699 0.940283
vt 0.068762 0.874788
vt 0.180883 0.874763
vt 0.193590 0.874764
vt 0.193585 0.940306
vt 0.180878 0.940305
vt 0.166116 0.874762
vt 0.166111 0.940304
vt 0.149474 0.874760
vt 0.149469 0.940303
vt 0.132843 0.874759
vt 0.132838 0.940302
vt 0.116246 0.874758
vt 0.116241 0.940300
vt 0.258225 0.874769
vt 0.325695 0.874774
vt 0.325690 0.940316
vt 0.258220 0.940311
vt 0.245554 0.874768
vt 0.245548 0.940310
vt 0.232758 0.874767
vt 0.232753 0.940309
vt 0.219626 0.874766
vt 0.219621 0.940308
vt 0.206456 0.874765
vt 0.206451 0.940307
vt 0.068766 0.940297
vt 0.068771 0.874754
vn 0.881228 -0.456585 -0.122345
vn 0.994047 -0.105243 -0.028202
vn 0.994046 -0.105245 -0.028203
vn 0.881228 -0.456584 -0.122345
vn 0.605482 -0.768741 -0.205984
vn 0.605482 -0.768741 -0.205984
vn 0.271850 -0.929549 -0.249070
vn 0.271849 -0.929550 -0.249070
vn 0.126028 -0.958224 -0.256756
vn 0.126028 -0.958224 -0.256756
vn 0.127407 -0.958054 -0.256711
vn 0.127407 -0.958054 -0.256711
vn 0.028805 0.965525 0.258713
vn -0.000000 0.965925 0.258820
vn -0.000000 0.965926 0.258820
vn 0.028805 0.965525 0.258713
vn 0.224848 0.941191 0.252196
vn 0.224846 0.941192 0.252196
vn 0.542755 0.811273 0.217380
vn 0.542754 0.811273 0.217380
vn 0.809094 0.567655 0.152101
vn 0.809094 0.567655 0.152101
vn 0.968045 0.242233 0.064904
vn 0.968045 0.242232 0.064903
vn 0.000000 -0.965926 -0.258820
vn 0.000000 -0.965926 -0.258820
vn -0.881228 -0.456585 -0.122345
vn -0.881228 -0.456584 -0.122345
vn -0.994045 -0.105260 -0.028203
vn -0.994045 -0.105257 -0.028202
vn -0.605482 -0.768740 -0.205985
vn -0.605483 -0.768740 -0.205984
vn -0.271850 -0.929549 -0.249072
vn -0.271850 -0.929549 -0.249072
vn -0.126031 -0.958222 -0.256762
vn -0.126031 -0.958222 -0.256762
vn -0.127407 -0.958053 -0.256713
vn -0.127407 -0.958053 -0.256713
vn -0.028806 0.965524 0.258714
vn -0.028806 0.965524 0.258714
vn -0.224853 0.941190 0.252197
vn -0.224851 0.941190 0.252198
vn -0.542755 0.811273 0.217380
vn -0.542753 0.811273 0.217380
vn -0.809092 0.567658 0.152100
vn -0.809092 0.567658 0.152100
vn -0.968048 0.242220 0.064904
vn -0.968049 0.242218 0.064904
s 1
g ropes_low1
usemtl main1
f 154/163/153 153/162/154 164/173/155 165/174/156
f 155/164/157 154/163/153 165/174/156 166/175/158
f 156/165/159 155/164/157 166/175/158 167/176/160
f 157/166/161 156/165/159 167/176/160 168/177/162
f 158/167/163 157/166/161 168/177/162 169/178/164
f 159/168/165 177/185/166 178/186/167 170/179/168
f 160/169/169 159/168/165 170/179/168 171/180/170
f 161/170/171 160/169/169 171/180/170 172/181/172
f 162/171/173 161/170/171 172/181/172 173/182/174
f 163/172/175 162/171/173 173/182/174 174/183/176
f 153/162/154 163/172/175 174/183/176 164/173/155
f 176/184/177 175/187/178 158/167/163 169/178/164
f 180/188/179 191/191/180 190/190/181 179/189/182
f 181/192/183 192/193/184 191/191/180 180/188/179
f 182/194/185 193/195/186 192/193/184 181/192/183
f 183/196/187 194/197/188 193/195/186 182/194/185
f 184/198/189 195/199/190 194/197/188 183/196/187
f 185/200/191 196/203/192 178/202/167 177/201/166
f 186/204/193 197/205/194 196/203/192 185/200/191
f 187/206/195 198/207/196 197/205/194 186/204/193
f 188/208/197 199/209/198 198/207/196 187/206/195
f 189/210/199 200/211/200 199/209/198 188/208/197
f 179/189/182 190/190/181 200/211/200 189/210/199
f 176/212/177 195/199/190 184/198/189 175/213/178
g default
v 57.032680 8.494159 21.044778
v 57.588417 8.486115 21.042622
v 57.040650 9.007860 21.182424
v 57.596387 8.999816 21.180269
vt 0.493318 0.508906
vt 0.615030 0.508921
vt 0.493303 0.625381
vt 0.615016 0.625396
vn -0.000000 -0.258821 0.965925
vn -0.000000 -0.258821 0.965925
vn -0.000000 -0.258821 0.965925
vn -0.000000 -0.258821 0.965925
s off
g log_circles30
usemtl main1
f 201/214/201 202/215/202 204/217/203 203/216/204
g default
v 57.408019 11.027329 10.380481
v 58.421496 11.027329 10.380481
v 57.408019 11.027331 9.410616
v 58.421496 11.027331 9.410616
vt 0.493318 0.508906
vt 0.615030 0.508921
vt 0.493303 0.625381
vt 0.615016 0.625396
vn -0.000000 1.000000 0.000002
vn -0.000000 1.000000 0.000002
vn -0.000000 1.000000 0.000002
vn -0.000000 1.000000 0.000002
s off
g log_circles31
usemtl main1
f 205/218/205 206/219/206 208/221/207 207/220/208
g default
v 58.789809 9.097733 19.680254
v 58.761177 9.002286 19.654678
v 58.686656 8.911981 19.630481
v 58.564256 8.857575 19.615902
v 58.430557 8.842102 19.611757
v 58.297383 8.824827 19.607128
v 58.462166 9.405866 19.762817
v 58.564550 9.399506 19.761113
v 58.660450 9.361669 19.750973
v 58.737897 9.291302 19.732119
v 58.783405 9.198156 19.707161
v 58.789809 8.960388 20.192821
v 58.761177 8.864943 20.167246
v 58.686656 8.774638 20.143048
v 58.564256 8.720233 20.128470
v 58.430557 8.704757 20.124324
v 58.297383 8.687484 20.119696
v 58.462166 9.268520 20.275385
v 58.564550 9.262162 20.273681
v 58.660450 9.224326 20.263540
v 58.737897 9.153960 20.244686
v 58.783405 9.060814 20.219726
v 57.916046 8.778262 19.594650
v 57.916046 8.640920 20.107218
v 57.916046 9.417557 19.765949
v 57.916046 9.280215 20.278517
v 57.042283 9.097733 19.680254
v 57.070915 9.002286 19.654678
v 57.145436 8.911981 19.630481
v 57.267836 8.857575 19.615902
v 57.401535 8.842102 19.611757
v 57.534709 8.824827 19.607128
v 57.369926 9.405866 19.762817
v 57.267542 9.399506 19.761113
v 57.171642 9.361669 19.750973
v 57.094196 9.291302 19.732119
v 57.048687 9.198156 19.707161
v 57.042283 8.960388 20.192821
v 57.070915 8.864943 20.167246
v 57.145436 8.774638 20.143048
v 57.267836 8.720233 20.128470
v 57.401535 8.704757 20.124324
v 57.534709 8.687484 20.119696
v 57.369926 9.268520 20.275385
v 57.267542 9.262162 20.273681
v 57.171642 9.224326 20.263540
v 57.094196 9.153960 20.244686
v 57.048687 9.060814 20.219726
vt 0.193582 0.874765
vt 0.180875 0.874767
vt 0.166108 0.874770
vt 0.149466 0.874773
vt 0.132834 0.874776
vt 0.116238 0.874779
vt 0.258217 0.874753
vt 0.245545 0.874755
vt 0.232750 0.874757
vt 0.219617 0.874760
vt 0.206447 0.874762
vt 0.193594 0.940307
vt 0.180887 0.940310
vt 0.166120 0.940312
vt 0.149478 0.940315
vt 0.132846 0.940318
vt 0.116250 0.940322
vt 0.258229 0.940295
vt 0.245557 0.940298
vt 0.232762 0.940300
vt 0.219630 0.940302
vt 0.206459 0.940304
vt 0.068775 0.940330
vt 0.325687 0.874740
vt 0.325699 0.940283
vt 0.068762 0.874788
vt 0.180883 0.874763
vt 0.193590 0.874764
vt 0.193585 0.940306
vt 0.180878 0.940305
vt 0.166116 0.874762
vt 0.166111 0.940304
vt 0.149474 0.874760
vt 0.149469 0.940303
vt 0.132843 0.874759
vt 0.132838 0.940302
vt 0.116246 0.874758
vt 0.116241 0.940300
vt 0.258225 0.874769
vt 0.325695 0.874774
vt 0.325690 0.940316
vt 0.258220 0.940311
vt 0.245554 0.874768
vt 0.245548 0.940310
vt 0.232758 0.874767
vt 0.232753 0.940309
vt 0.219626 0.874766
vt 0.219621 0.940308
vt 0.206456 0.874765
vt 0.206451 0.940307
vt 0.068766 0.940297
vt 0.068771 0.874754
vn 0.881228 -0.456585 -0.122345
vn 0.994047 -0.105243 -0.028202
vn 0.994046 -0.105245 -0.028203
vn 0.881228 -0.456584 -0.122345
vn 0.605482 -0.768741 -0.205984
vn 0.605482 -0.768740 -0.205984
vn 0.271849 -0.929549 -0.249070
vn 0.271849 -0.929550 -0.249070
vn 0.126028 -0.958224 -0.256756
vn 0.126028 -0.958224 -0.256756
vn 0.127407 -0.958054 -0.256711
vn 0.127407 -0.958054 -0.256711
vn 0.028805 0.965525 0.258713
vn -0.000000 0.965926 0.258820
vn -0.000000 0.965926 0.258820
vn 0.028805 0.965525 0.258713
vn 0.224848 0.941191 0.252196
vn 0.224846 0.941192 0.252196
vn 0.542755 0.811273 0.217380
vn 0.542754 0.811273 0.217380
vn 0.809094 0.567655 0.152101
vn 0.809094 0.567655 0.152101
vn 0.968045 0.242233 0.064904
vn 0.968045 0.242232 0.064903
vn 0.000000 -0.965926 -0.258820
vn 0.000000 -0.965926 -0.258820
vn -0.881228 -0.456585 -0.122345
vn -0.881228 -0.456584 -0.122345
vn -0.994045 -0.105260 -0.028203
vn -0.994045 -0.105257 -0.028202
vn -0.605482 -0.768740 -0.205985
vn -0.605483 -0.768740 -0.205984
vn -0.271850 -0.929549 -0.249072
vn -0.271850 -0.929549 -0.249072
vn -0.126031 -0.958222 -0.256762
vn -0.126031 -0.958222 -0.256762
vn -0.127407 -0.958053 -0.256713
vn -0.127407 -0.958053 -0.256713
vn -0.028806 0.965524 0.258714
vn -0.028806 0.965524 0.258714
vn -0.224853 0.941190 0.252197
vn -0.224851 0.941190 0.252198
vn -0.542755 0.811273 0.217380
vn -0.542753 0.811273 0.217380
vn -0.809092 0.567658 0.152100
vn -0.809092 0.567658 0.152100
vn -0.968048 0.242220 0.064904
vn -0.968049 0.242218 0.064904
s 1
g ropes_low2
usemtl main1
f 210/223/209 209/222/210 220/233/211 221/234/212
f 211/224/213 210/223/209 221/234/212 222/235/214
f 212/225/215 211/224/213 222/235/214 223/236/216
f 213/226/217 212/225/215 223/236/216 224/237/218
f 214/227/219 213/226/217 224/237/218 225/238/220
f 215/228/221 233/245/222 234/246/223 226/239/224
f 216/229/225 215/228/221 226/239/224 227/240/226
f 217/230/227 216/229/225 227/240/226 228/241/228
f 218/231/229 217/230/227 228/241/228 229/242/230
f 219/232/231 218/231/229 229/242/230 230/243/232
f 209/222/210 219/232/231 230/243/232 220/233/211
f 232/244/233 231/247/234 214/227/219 225/238/220
f 236/248/235 247/251/236 246/250/237 235/249/238
f 237/252/239 248/253/240 247/251/236 236/248/235
f 238/254/241 249/255/242 248/253/240 237/252/239
f 239/256/243 250/257/244 249/255/242 238/254/241
f 240/258/245 251/259/246 250/257/244 239/256/243
f 241/260/247 252/263/248 234/262/223 233/261/222
f 242/264/249 253/265/250 252/263/248 241/260/247
f 243/266/251 254/267/252 253/265/250 242/264/249
f 244/268/253 255/269/254 254/267/252 243/266/251
f 245/270/255 256/271/256 255/269/254 244/268/253
f 235/249/238 246/250/237 256/271/256 245/270/255
f 232/272/233 251/259/246 240/258/245 231/273/234
g default
v 58.371979 4.640827 -5.301410
v 58.348633 4.640827 -5.437732
v 58.284298 4.640827 -5.560168
v 58.185272 4.640827 -5.656730
v 58.061260 4.640827 -5.717968
v 57.924393 4.640827 -5.737885
v 57.788067 4.640827 -5.714535
v 57.665634 4.640827 -5.650199
v 57.569065 4.640827 -5.551180
v 57.507835 4.640827 -5.427166
v 57.487919 4.640827 -5.290299
v 57.511265 4.640827 -5.153975
v 57.575600 4.640827 -5.031540
v 57.674622 4.640827 -4.934978
v 57.798637 4.640827 -4.873740
v 57.935505 4.640827 -4.853823
v 58.071831 4.640827 -4.877174
v 58.194263 4.640827 -4.941508
v 58.290825 4.640827 -5.040529
v 58.352062 4.640827 -5.164542
v 58.450737 5.788072 -5.302399
v 58.423225 5.788072 -5.463010
v 58.347424 5.788072 -5.607259
v 58.230762 5.788072 -5.721026
v 58.084656 5.788072 -5.793173
v 57.923405 5.788072 -5.816640
v 57.762791 5.788072 -5.789128
v 57.618546 5.788072 -5.713332
v 57.504780 5.788072 -5.596669
v 57.432632 5.788072 -5.450561
v 57.409161 5.788072 -5.289310
v 57.436672 5.788072 -5.128698
v 57.512474 5.788072 -4.984449
v 57.629135 5.788072 -4.870682
v 57.775242 5.788072 -4.798534
v 57.936493 5.788072 -4.775068
v 58.097107 5.788072 -4.802580
v 58.241352 5.788072 -4.878376
v 58.355118 5.788072 -4.995039
v 58.427273 5.788072 -5.141147
v 58.491745 5.788072 -5.302914
v 58.462070 5.788072 -5.476174
v 58.380306 5.788072 -5.631782
v 58.254459 5.788072 -5.754508
v 58.096836 5.788072 -5.832336
v 57.922890 5.788072 -5.857652
v 57.749626 5.788072 -5.827973
v 57.594017 5.788072 -5.746209
v 57.471294 5.788072 -5.620359
v 57.393467 5.788072 -5.462745
v 57.368153 5.788072 -5.288795
v 57.397827 5.788072 -5.115534
v 57.479591 5.788072 -4.959926
v 57.605438 5.788072 -4.837200
v 57.763062 5.788072 -4.759371
v 57.937008 5.788072 -4.734056
v 58.110271 5.788072 -4.763734
v 58.265881 5.788072 -4.845500
v 58.388603 5.788072 -4.971349
v 58.466431 5.788072 -5.128963
v 58.408062 4.640827 -5.301863
v 58.382801 4.640827 -5.449311
v 58.313210 4.640827 -5.581738
v 58.206112 4.640827 -5.686182
v 58.071972 4.640827 -5.752416
v 57.923939 4.640827 -5.773960
v 57.776493 4.640827 -5.748703
v 57.644066 4.640827 -5.679118
v 57.539627 4.640827 -5.572016
v 57.473381 4.640827 -5.437884
v 57.451836 4.640827 -5.289845
v 57.477097 4.640827 -5.142397
v 57.546688 4.640827 -5.009969
v 57.653786 4.640827 -4.905526
v 57.787926 4.640827 -4.839291
v 57.935959 4.640827 -4.817748
v 58.083405 4.640827 -4.843004
v 58.215832 4.640827 -4.912589
v 58.320271 4.640827 -5.019691
v 58.386517 4.640827 -5.153826
vt 0.988197 0.615347
vt 0.988197 0.579411
vt 0.988197 0.543487
vt 0.988197 0.507591
vt 0.988197 0.471742
vt 0.988236 0.794641
vt 0.988236 0.758869
vt 0.988236 0.723034
vt 0.988236 0.687147
vt 0.988236 0.651229
vt 0.988236 0.615295
vt 0.988236 0.579360
vt 0.988236 0.543441
vt 0.988236 0.507556
vt 0.988236 0.471721
vt 0.988197 0.794639
vt 0.988197 0.758886
vt 0.988197 0.723066
vt 0.988197 0.687191
vt 0.988197 0.651279
vt 0.714214 0.615347
vt 0.672073 0.606320
vt 0.654699 0.640819
vt 0.627515 0.668261
vt 0.593182 0.685959
vt 0.555059 0.692182
vt 0.592073 0.451126
vt 0.626572 0.468500
vt 0.654013 0.495685
vt 0.671711 0.530019
vt 0.677935 0.568141
vt 0.672072 0.606321
vt 0.654697 0.640820
vt 0.627513 0.668262
vt 0.593180 0.685961
vt 0.555057 0.692183
vt 0.592073 0.451126
vt 0.626572 0.468499
vt 0.654013 0.495683
vt 0.671714 0.530017
vt 0.677936 0.568140
vt 0.687658 0.568094
vt 0.987876 0.164568
vt 0.987876 0.125776
vt 0.987876 0.087025
vt 0.987876 0.048331
vt 0.987876 0.009720
vt 0.987874 0.358422
vt 0.987874 0.319729
vt 0.987874 0.280977
vt 0.987874 0.242185
vt 0.987874 0.203373
vt 0.987874 0.164562
vt 0.987874 0.125770
vt 0.987874 0.087021
vt 0.987874 0.048329
vt 0.987874 0.009720
vt 0.987876 0.358424
vt 0.987876 0.319733
vt 0.987876 0.280982
vt 0.987876 0.242191
vt 0.987876 0.203379
vt 0.713833 0.203379
vt 0.427339 0.606330
vt 0.421757 0.571078
vt 0.430367 0.571079
vt 0.435525 0.603670
vt 0.443541 0.638131
vt 0.450504 0.633072
vt 0.468776 0.663370
vt 0.473835 0.656406
vt 0.500577 0.679575
vt 0.503236 0.671389
vt 0.535826 0.685160
vt 0.535840 0.465619
vt 0.500590 0.462593
vt 0.503247 0.470779
vt 0.468788 0.478793
vt 0.473847 0.485757
vt 0.443552 0.504029
vt 0.450511 0.509088
vt 0.427343 0.535828
vt 0.435530 0.538488
vt 0.421757 0.571078
vt 0.430367 0.571079
vt 0.427340 0.606330
vt 0.435525 0.603671
vt 0.443542 0.638131
vt 0.450504 0.633072
vt 0.468776 0.663370
vt 0.473836 0.656407
vt 0.500577 0.679575
vt 0.503236 0.671389
vt 0.535826 0.685160
vt 0.535840 0.465619
vt 0.500590 0.462592
vt 0.503247 0.470779
vt 0.468788 0.478793
vt 0.473847 0.485757
vt 0.443552 0.504029
vt 0.450512 0.509088
vt 0.427343 0.535828
vt 0.435530 0.538488
vt 0.714214 0.579411
vt 0.713833 0.242191
vt 0.714214 0.543487
vt 0.713833 0.280982
vt 0.713833 0.319733
vt 0.713833 0.358424
vt 0.713834 0.009720
vt 0.713834 0.048329
vt 0.713834 0.087021
vt 0.713834 0.125771
vt 0.713834 0.164562
vt 0.713834 0.203373
vt 0.713834 0.242185
vt 0.713834 0.280977
vt 0.713834 0.319729
vt 0.713834 0.358422
vt 0.713833 0.009720
vt 0.713833 0.048331
vt 0.713833 0.087025
vt 0.713833 0.125776
vt 0.713833 0.164568
vt 0.680945 0.526969
vt 0.661853 0.489932
vt 0.632250 0.460606
vt 0.595033 0.441865
vt 0.555103 0.701905
vt 0.596227 0.695193
vt 0.633267 0.676101
vt 0.662591 0.646498
vt 0.681333 0.609282
vt 0.687657 0.568095
vt 0.680945 0.526971
vt 0.661853 0.489933
vt 0.632250 0.460607
vt 0.595034 0.441866
vt 0.555105 0.701905
vt 0.596229 0.695192
vt 0.633269 0.676100
vt 0.662592 0.646496
vt 0.681334 0.609280
vt 0.714214 0.651279
vt 0.714214 0.687191
vt 0.714214 0.723066
vt 0.714214 0.758886
vt 0.714174 0.435951
vt 0.714174 0.471721
vt 0.714174 0.507556
vt 0.714174 0.543441
vt 0.714174 0.579360
vt 0.714174 0.615295
vt 0.714174 0.651229
vt 0.714174 0.687147
vt 0.714174 0.723034
vt 0.714174 0.758869
vt 0.714214 0.435954
vt 0.714214 0.471742
vt 0.714214 0.507592
vt 0.713834 0.397034
vt 0.535841 0.457012
vt 0.988197 0.435954
vt 0.535826 0.676553
vt 0.553847 0.435541
vt 0.987874 0.397034
vt 0.714174 0.794641
vt 0.553893 0.445263
vt 0.713833 0.397034
vt 0.535841 0.457012
vt 0.988236 0.435951
vt 0.535827 0.676553
vt 0.553847 0.435541
vt 0.987876 0.397034
vt 0.714214 0.794639
vt 0.553892 0.445264
vn -0.944874 0.068492 0.320191
vn -0.944874 0.068492 0.320191
vn -0.997573 0.068495 0.012534
vn -0.997573 0.068495 0.012534
vn -0.799677 0.068487 0.596512
vn -0.799677 0.068487 0.596512
vn -0.576216 0.068487 0.814423
vn -0.576216 0.068487 0.814423
vn -0.296346 0.068488 0.952622
vn -0.296345 0.068488 0.952622
vn 0.012535 0.068490 0.997573
vn 0.012535 0.068490 0.997573
vn 0.320191 0.068492 0.944874
vn 0.320192 0.068492 0.944874
vn 0.596503 0.068489 0.799684
vn 0.596503 0.068489 0.799683
vn 0.814424 0.068486 0.576215
vn 0.814424 0.068486 0.576214
vn 0.952624 0.068489 0.296338
vn 0.952624 0.068489 0.296338
vn 0.997573 0.068492 -0.012522
vn 0.997573 0.068492 -0.012522
vn 0.944874 0.068492 -0.320190
vn 0.944874 0.068492 -0.320190
vn 0.799679 0.068489 -0.596508
vn 0.799680 0.068489 -0.596508
vn 0.576216 0.068490 -0.814422
vn 0.576217 0.068490 -0.814422
vn 0.296344 0.068492 -0.952622
vn 0.296344 0.068492 -0.952622
vn -0.012539 0.068491 -0.997573
vn -0.012540 0.068491 -0.997573
vn -0.320189 0.068490 -0.944875
vn -0.320189 0.068490 -0.944875
vn -0.596508 0.068487 -0.799680
vn -0.596508 0.068487 -0.799680
vn -0.814418 0.068489 -0.576222
vn -0.814419 0.068489 -0.576222
vn -0.952621 0.068492 -0.296349
vn -0.952620 0.068492 -0.296350
vn 0.000000 1.000000 0.000000
vn 0.000000 1.000000 0.000000
vn 0.000000 1.000000 -0.000002
vn 0.000000 1.000000 -0.000002
vn 0.000000 1.000000 0.000000
vn 0.000000 1.000000 0.000000
vn 0.000000 1.000000 0.000000
vn 0.000000 1.000000 0.000000
vn 0.000000 1.000000 -0.000009
vn 0.000000 1.000000 -0.000009
vn 0.000000 1.000000 -0.000009
vn 0.000000 1.000000 -0.000009
vn 0.000000 1.000000 0.000000
vn 0.000000 1.000000 0.000000
vn 0.000000 1.000000 0.000000
vn 0.000000 1.000000 0.000000
vn 0.000000 1.000000 0.000002
vn 0.000000 1.000000 0.000002
vn 0.000000 1.000000 0.000002
vn 0.000000 1.000000 0.000002
vn 0.000000 1.000000 0.000000
vn 0.000000 1.000000 0.000000
vn 0.000000 1.000000 0.000000
vn 0.000000 1.000000 0.000000
vn 0.000000 1.000000 0.000000
vn 0.000000 1.000000 0.000000
vn 0.000000 1.000000 0.000000
vn 0.000000 1.000000 0.000000
vn 0.000000 1.000000 0.000009
vn 0.000000 1.000000 0.000009
vn 0.000000 1.000000 0.000009
vn 0.000000 1.000000 0.000009
vn 0.000000 1.000000 0.000000
vn 0.000000 1.000000 0.000000
vn 0.000000 1.000000 0.000000
vn 0.000000 1.000000 0.000000
vn 0.000000 1.000000 -0.000002
vn 0.000000 1.000000 -0.000002
vn 0.000000 1.000000 -0.000004
vn 0.000000 1.000000 -0.000004
vn 0.944585 -0.072761 -0.320101
vn 0.944585 -0.072761 -0.320101
vn 0.997271 -0.072760 -0.012531
vn 0.997271 -0.072760 -0.012531
vn 0.799443 -0.072764 -0.596319
vn 0.799443 -0.072764 -0.596318
vn 0.576035 -0.072764 -0.814180
vn 0.576036 -0.072764 -0.814180
vn 0.296250 -0.072764 -0.952335
vn 0.296251 -0.072764 -0.952335
vn -0.012532 -0.072763 -0.997271
vn -0.012531 -0.072763 -0.997271
vn -0.320091 -0.072763 -0.944588
vn -0.320092 -0.072763 -0.944588
vn -0.596325 -0.072767 -0.799438
vn -0.596326 -0.072767 -0.799438
vn -0.814173 -0.072768 -0.576045
vn -0.814173 -0.072768 -0.576044
vn -0.952329 -0.072761 -0.296270
vn -0.952329 -0.072761 -0.296270
vn -0.997271 -0.072760 0.012531
vn -0.997271 -0.072760 0.012531
vn -0.944585 -0.072763 0.320101
vn -0.944585 -0.072763 0.320101
vn -0.799443 -0.072764 0.596319
vn -0.799443 -0.072764 0.596318
vn -0.576035 -0.072766 0.814180
vn -0.576036 -0.072766 0.814179
vn -0.296250 -0.072763 0.952335
vn -0.296251 -0.072763 0.952335
vn 0.012534 -0.072762 0.997271
vn 0.012534 -0.072762 0.997271
vn 0.320091 -0.072763 0.944588
vn 0.320092 -0.072763 0.944588
vn 0.596326 -0.072763 0.799438
vn 0.596326 -0.072763 0.799438
vn 0.814174 -0.072761 0.576044
vn 0.814175 -0.072761 0.576043
vn 0.952329 -0.072760 0.296270
vn 0.952329 -0.072760 0.296270
vn 0.000000 -1.000000 -0.000001
vn 0.000000 -1.000000 -0.000001
vn 0.000000 -1.000000 -0.000001
vn 0.000000 -1.000000 -0.000001
vn 0.000000 -1.000000 -0.000003
vn 0.000000 -1.000000 -0.000003
vn 0.000000 -1.000000 -0.000003
vn 0.000000 -1.000000 -0.000003
vn 0.000000 -1.000000 0.000000
vn 0.000000 -1.000000 0.000000
vn 0.000000 -1.000000 0.000000
vn 0.000000 -1.000000 0.000000
vn 0.000000 -1.000000 0.000000
vn 0.000000 -1.000000 0.000000
vn 0.000000 -1.000000 0.000000
vn 0.000000 -1.000000 0.000000
vn 0.000000 -1.000000 -0.000003
vn 0.000000 -1.000000 -0.000003
vn 0.000000 -1.000000 -0.000002
vn 0.000000 -1.000000 -0.000002
vn 0.000000 -1.000000 0.000001
vn 0.000000 -1.000000 0.000001
vn 0.000000 -1.000000 0.000001
vn 0.000000 -1.000000 0.000001
vn 0.000000 -1.000000 0.000000
vn 0.000000 -1.000000 0.000000
vn 0.000000 -1.000000 0.000000
vn 0.000000 -1.000000 0.000000
vn 0.000000 -1.000000 0.000000
vn 0.000000 -1.000000 0.000000
vn 0.000000 -1.000000 0.000000
vn 0.000000 -1.000000 0.000000
vn 0.000000 -1.000000 0.000000
vn 0.000000 -1.000000 0.000000
vn 0.000000 -1.000000 0.000000
vn 0.000000 -1.000000 0.000000
vn 0.000000 -1.000000 0.000003
vn 0.000000 -1.000000 0.000003
vn 0.000000 -1.000000 0.000002
vn 0.000000 -1.000000 0.000002
s 1
g bucket_main_low
usemtl main1
f 278/377/257 258/275/258 257/274/259 277/294/260
f 279/379/261 259/276/262 258/275/258 278/377/257
f 280/433/263 260/277/264 259/276/262 279/379/261
f 281/432/265 261/278/266 260/277/264 280/433/263
f 282/431/267 262/436/268 261/278/266 281/432/265
f 283/430/269 263/280/270 262/279/268 282/440/267
f 284/429/271 264/281/272 263/280/270 283/430/269
f 285/428/273 265/282/274 264/281/272 284/429/271
f 286/427/275 266/283/276 265/282/274 285/428/273
f 287/426/277 267/284/278 266/283/276 286/427/275
f 288/425/279 268/285/280 267/284/278 287/426/277
f 289/424/281 269/286/282 268/285/280 288/425/279
f 290/423/283 270/287/284 269/286/282 289/424/281
f 291/422/285 271/288/286 270/287/284 290/423/283
f 292/421/287 272/444/288 271/288/286 291/422/285
f 293/420/289 273/290/290 272/289/288 292/448/287
f 294/419/291 274/291/292 273/290/290 293/420/289
f 295/418/293 275/292/294 274/291/292 294/419/291
f 296/417/295 276/293/296 275/292/294 295/418/293
f 277/294/260 257/274/259 276/293/296 296/417/295
s 2
f 298/416/297 278/295/298 277/314/299 297/315/300
f 299/415/301 279/296/302 278/295/298 298/416/297
f 300/414/303 280/297/304 279/296/302 299/415/301
f 301/413/305 281/298/306 280/297/304 300/414/303
f 302/412/307 282/299/308 281/298/306 301/413/305
f 303/411/309 283/300/310 282/441/308 302/438/307
f 304/410/311 284/301/312 283/300/310 303/411/309
f 305/409/313 285/302/314 284/301/312 304/410/311
f 306/408/315 286/303/316 285/302/314 305/409/313
f 307/407/317 287/304/318 286/303/316 306/408/315
f 308/406/319 288/305/320 287/304/318 307/407/317
f 309/405/321 289/306/322 288/305/320 308/406/319
f 310/404/323 290/307/324 289/306/322 309/405/321
f 311/403/325 291/308/326 290/307/324 310/404/323
f 312/402/327 292/309/328 291/308/326 311/403/325
f 313/401/329 293/310/330 292/449/328 312/446/327
f 314/400/331 294/311/332 293/310/330 313/401/329
f 315/399/333 295/312/334 294/311/332 314/400/331
f 316/398/335 296/313/336 295/312/334 315/399/333
f 297/315/300 277/314/299 296/313/336 316/398/335
s 3
f 318/397/337 298/316/338 297/335/339 317/336/340
f 319/396/341 299/317/342 298/316/338 318/397/337
f 320/395/343 300/318/344 299/317/342 319/396/341
f 321/394/345 301/319/346 300/318/344 320/395/343
f 322/393/347 302/320/348 301/319/346 321/394/345
f 323/392/349 303/321/350 302/439/348 322/434/347
f 324/391/351 304/322/352 303/321/350 323/392/349
f 325/390/353 305/323/354 304/322/352 324/391/351
f 326/389/355 306/324/356 305/323/354 325/390/353
f 327/388/357 307/325/358 306/324/356 326/389/355
f 328/387/359 308/326/360 307/325/358 327/388/357
f 329/386/361 309/327/362 308/326/360 328/387/359
f 330/385/363 310/328/364 309/327/362 329/386/361
f 331/384/365 311/329/366 310/328/364 330/385/363
f 332/383/367 312/330/368 311/329/366 331/384/365
f 333/382/369 313/331/370 312/447/368 332/442/367
f 334/381/371 314/332/372 313/331/370 333/382/369
f 335/380/373 315/333/374 314/332/372 334/381/371
f 336/378/375 316/334/376 315/333/374 335/380/373
f 317/336/340 297/335/339 316/334/376 336/378/375
s 4
f 258/340/377 318/337/378 317/338/379 257/339/380
f 259/342/381 319/341/382 318/337/378 258/340/377
f 260/344/383 320/343/384 319/341/382 259/342/381
f 261/346/385 321/345/386 320/343/384 260/344/383
f 262/437/387 322/347/388 321/345/386 261/346/385
f 263/350/389 323/349/390 322/435/388 262/348/387
f 264/352/391 324/351/392 323/349/390 263/350/389
f 265/354/393 325/353/394 324/351/392 264/352/391
f 266/356/395 326/355/396 325/353/394 265/354/393
f 267/358/397 327/357/398 326/355/396 266/356/395
f 268/360/399 328/359/400 327/357/398 267/358/397
f 269/362/401 329/361/402 328/359/400 268/360/399
f 270/364/403 330/363/404 329/361/402 269/362/401
f 271/366/405 331/365/406 330/363/404 270/364/403
f 272/445/407 332/367/408 331/365/406 271/366/405
f 273/370/409 333/369/410 332/443/408 272/368/407
f 274/372/411 334/371/412 333/369/410 273/370/409
f 275/374/413 335/373/414 334/371/412 274/372/411
f 276/376/415 336/375/416 335/373/414 275/374/413
f 257/339/380 317/338/379 336/375/416 276/376/415
g default
v 58.836147 12.017279 9.875105
v 58.836151 12.003736 9.861564
v 58.836151 11.985239 9.856606
v 58.836151 11.966738 9.861564
v 58.836151 11.953196 9.875105
v 58.836151 11.948240 9.893604
v 58.836151 11.953196 9.912104
v 58.836151 11.966738 9.925645
v 58.836151 11.985239 9.930602
v 58.836151 12.003736 9.925645
v 58.836147 12.017279 9.912104
v 58.836151 12.022234 9.893604
v 56.962418 12.017279 9.875105
v 56.962418 12.003736 9.861564
v 56.962418 11.985237 9.856606
v 56.962418 11.966738 9.861564
v 56.962421 11.953193 9.875105
v 56.962418 11.948239 9.893604
v 56.962421 11.953193 9.912104
v 56.962418 11.966738 9.925645
v 56.962418 11.985237 9.930602
v 56.962418 12.003736 9.925645
v 56.962418 12.017279 9.912104
v 56.962418 12.022236 9.893604
vt 0.423803 0.010855
vt 0.426307 0.010855
vt 0.428812 0.010855
vt 0.431316 0.010855
vt 0.433820 0.010855
vt 0.436324 0.010855
vt 0.438828 0.010855
vt 0.441332 0.010855
vt 0.443837 0.010855
vt 0.446341 0.010855
vt 0.448845 0.010855
vt 0.451349 0.010855
vt 0.423800 0.224393
vt 0.426304 0.224393
vt 0.428809 0.224393
vt 0.431313 0.224393
vt 0.433816 0.224393
vt 0.436321 0.224393
vt 0.438825 0.224393
vt 0.441329 0.224393
vt 0.443833 0.224393
vt 0.446337 0.224393
vt 0.448842 0.224393
vt 0.421295 0.224393
vt 0.421299 0.010854
vt 0.451345 0.224393
vn 0.000000 0.866032 -0.499989
vn 0.000000 0.499980 -0.866037
vn 0.000000 0.866033 -0.499987
vn 0.000000 0.499994 -0.866029
vn 0.000000 0.000000 -1.000000
vn 0.000000 0.000000 -1.000000
vn 0.000000 -0.499971 -0.866042
vn 0.000001 -0.499929 -0.866066
vn 0.000001 -0.866032 -0.499988
vn 0.000001 -0.866034 -0.499985
vn 0.000001 -1.000000 0.000001
vn 0.000001 -1.000000 0.000000
vn 0.000001 -0.866056 0.499947
vn 0.000001 -0.866011 0.500026
vn 0.000001 -0.499970 0.866043
vn 0.000000 -0.499929 0.866067
vn -0.000000 0.000000 1.000000
vn -0.000000 -0.000000 1.000000
vn -0.000000 0.500004 0.866023
vn 0.000000 0.499970 0.866043
vn 0.000000 0.866056 0.499947
vn 0.000000 0.866009 0.500028
vn 0.000000 1.000000 0.000000
vn 0.000000 1.000000 0.000000
s 1
g iron_low
usemtl main1
f 337/450/417 338/451/418 349/462/419
f 349/462/419 338/451/418 350/463/420
f 338/451/418 339/452/421 350/463/420
f 350/463/420 339/452/421 351/464/422
f 339/452/421 340/453/423 351/464/422
f 351/464/422 340/453/423 352/465/424
f 340/453/423 341/454/425 352/465/424
f 352/465/424 341/454/425 353/466/426
f 341/454/425 342/455/427 353/466/426
f 353/466/426 342/455/427 354/467/428
f 342/455/427 343/456/429 354/467/428
f 354/467/428 343/456/429 355/468/430
f 343/456/429 344/457/431 355/468/430
f 355/468/430 344/457/431 356/469/432
f 344/457/431 345/458/433 356/469/432
f 356/469/432 345/458/433 357/470/434
f 345/458/433 346/459/435 357/470/434
f 357/470/434 346/459/435 358/471/436
f 346/459/435 347/460/437 358/471/436
f 358/471/436 347/460/437 359/472/438
f 347/460/437 348/461/439 359/472/438
f 359/472/438 348/461/439 360/475/440
f 348/474/439 337/450/417 360/473/440
f 360/473/440 337/450/417 349/462/419
g default
v 57.307812 6.409535 -5.473409
v 58.506977 6.409535 -5.108911
v 57.307812 5.795273 -5.473409
v 58.506977 5.795273 -5.108911
vt 0.683037 0.829960
vt 0.981353 0.829975
vt 0.683029 0.976164
vt 0.981345 0.976180
vn 0.290822 0.000000 -0.956777
vn 0.290822 0.000000 -0.956777
vn 0.290822 0.000000 -0.956777
vn 0.290822 0.000000 -0.956777
s off
g bucket_handle_low2
usemtl main1
f 361/476/441 362/477/442 364/479/443 363/478/444
g default
v 57.307812 6.409535 -5.482049
v 58.506977 6.409535 -5.117551
v 57.307812 5.795273 -5.482049
v 58.506977 5.795273 -5.117551
vt 0.683037 0.829960
vt 0.981353 0.829975
vt 0.683029 0.976164
vt 0.981345 0.976180
vn 0.290822 0.000000 -0.956777
vn 0.290822 0.000000 -0.956777
vn 0.290822 0.000000 -0.956777
vn 0.290822 0.000000 -0.956777
s off
g bucket_handle_low1
usemtl main1
f 365/480/445 366/481/446 368/483/447 367/482/448
g default
v 57.895754 7.621964 -5.380125
v 57.895754 7.621964 -5.219753
v 57.895754 6.829467 -5.380125
v 57.895754 6.829467 -5.219753
vt 0.598424 0.785967
vt 0.618000 0.785964
vt 0.598441 0.882706
vt 0.618018 0.882703
vn 1.000000 0.000000 0.000000
vn 1.000000 0.000000 0.000000
vn 1.000000 0.000000 0.000000
vn 1.000000 0.000000 0.000000
s off
g iron_chain_6pack1_low16
usemtl main1
f 369/484/449 370/485/450 372/487/451 371/486/452
g default
v 57.892607 7.621964 -5.380125
v 57.892607 7.621964 -5.219753
v 57.892607 6.829467 -5.380125
v 57.892607 6.829467 -5.219753
vt 0.598424 0.785967
vt 0.618000 0.785964
vt 0.598441 0.882706
vt 0.618018 0.882703
vn 1.000000 0.000000 0.000000
vn 1.000000 0.000000 0.000000
vn 1.000000 0.000000 0.000000
vn 1.000000 0.000000 0.000000
s off
g iron_chain_6pack1_low15
usemtl main1
f 373/488/453 374/489/454 376/491/455 375/490/456
g default
v 58.393530 6.582418 10.193774
v 58.393530 6.582418 9.593177
v 59.071074 7.093936 10.193775
v 59.071074 7.093936 9.593177
vt 0.430915 0.748120
vt 0.504832 0.748126
vt 0.430906 0.852602
vt 0.504823 0.852608
vn 0.602530 -0.798096 -0.000000
vn 0.602531 -0.798096 -0.000000
vn 0.602531 -0.798096 -0.000000
vn 0.602530 -0.798096 -0.000000
s off
g log_circles34
usemtl main1
f 377/492/457 378/493/458 380/495/459 379/494/460
g default
v 58.414628 13.571118 9.589368
v 58.414628 13.571118 10.194895
v 59.029485 12.975680 9.589367
v 59.029485 12.975680 10.194895
vt 0.430915 0.748120
vt 0.504832 0.748126
vt 0.430906 0.852602
vt 0.504823 0.852608
vn 0.695673 0.718359 0.000000
vn 0.695673 0.718359 0.000000
vn 0.695673 0.718359 0.000000
vn 0.695673 0.718359 0.000000
s off
g log_circles33
usemtl main1
f 381/496/461 382/497/462 384/499/463 383/498/464
g default
v 57.894363 7.621964 -5.380125
v 57.894363 7.621964 -5.219753
v 57.894363 6.829467 -5.380125
v 57.894363 6.829467 -5.219753
vt 0.598424 0.785967
vt 0.618000 0.785964
vt 0.598441 0.882706
vt 0.618018 0.882703
vn 1.000000 0.000000 0.000000
vn 1.000000 0.000000 0.000000
vn 1.000000 0.000000 0.000000
vn 1.000000 0.000000 0.000000
s off
g iron_chain_6pack1_low17
usemtl main1
f 385/500/465 386/501/466 388/503/467 387/502/468
g default
v 58.422352 5.823468 -5.149530
v 58.418733 5.821612 -5.139997
v 58.414894 5.816226 -5.130147
v 58.411854 5.807837 -5.122329
v 58.410581 5.797266 -5.119073
v 58.410189 5.788007 -5.118062
v 58.467542 5.823469 -5.134525
v 58.463161 5.821612 -5.122695
v 58.459326 5.816227 -5.112845
v 58.456282 5.807837 -5.105027
v 58.455013 5.797266 -5.101771
v 58.454621 5.788007 -5.100759
v 58.467545 5.839597 -5.134523
v 58.461455 5.837193 -5.118310
v 58.456079 5.830214 -5.104504
v 58.452307 5.819345 -5.094827
v 58.449570 5.805648 -5.087792
v 58.448476 5.788007 -5.084978
v 58.422352 5.839597 -5.149530
v 58.417023 5.837193 -5.135612
v 58.411648 5.830214 -5.121806
v 58.407876 5.819345 -5.112129
v 58.405142 5.805648 -5.105094
v 58.404197 5.788007 -5.102670
v 58.425153 5.821612 -5.159337
v 58.427969 5.816226 -5.169527
v 58.430211 5.807837 -5.177611
v 58.431143 5.797266 -5.180980
v 58.431433 5.788007 -5.182025
v 58.471108 5.821612 -5.146623
v 58.473925 5.816227 -5.156813
v 58.476166 5.807837 -5.164897
v 58.477090 5.797266 -5.168266
v 58.477389 5.788007 -5.169311
v 58.472369 5.837193 -5.151161
v 58.476313 5.830214 -5.165439
v 58.479080 5.819345 -5.175452
v 58.481090 5.805648 -5.182724
v 58.481904 5.788007 -5.185634
v 58.426406 5.837193 -5.163871
v 58.430357 5.830214 -5.178152
v 58.433125 5.819345 -5.188162
v 58.435142 5.805648 -5.195433
v 58.435833 5.788007 -5.197945
vt 0.625852 0.252562
vt 0.593615 0.252562
vt 0.560520 0.252562
vt 0.527428 0.252562
vt 0.496371 0.252562
vt 0.470367 0.252562
vt 0.506385 0.922197
vt 0.477534 0.933835
vt 0.445695 0.933836
vt 0.416843 0.922205
vt 0.394351 0.904404
vt 0.486865 0.252342
vt 0.529653 0.252342
vt 0.568931 0.252342
vt 0.609790 0.252342
vt 0.656465 0.252342
vt 0.523211 0.964493
vt 0.482884 0.977154
vt 0.440141 0.977154
vt 0.399613 0.964491
vt 0.361614 0.937139
vt 0.528677 0.904404
vt 0.506184 0.922205
vt 0.477332 0.933836
vt 0.445494 0.933835
vt 0.416643 0.922197
vt 0.394153 0.904396
vt 0.609790 0.385231
vt 0.656465 0.385231
vt 0.568931 0.385231
vt 0.529654 0.385231
vt 0.486865 0.385231
vt 0.399817 0.964494
vt 0.361614 0.937144
vt 0.440143 0.977154
vt 0.482886 0.977154
vt 0.523415 0.964491
vt 0.496371 0.385560
vt 0.470367 0.385560
vt 0.527428 0.385560
vt 0.560520 0.385560
vt 0.593615 0.385560
vt 0.444303 0.385231
vt 0.561414 0.937144
vt 0.561414 0.937139
vt 0.444303 0.252342
vt 0.625852 0.385560
vt 0.528875 0.904396
vt 0.593589 0.385495
vt 0.625823 0.385495
vt 0.625823 0.252627
vt 0.593589 0.252627
vt 0.560509 0.385495
vt 0.560509 0.252627
vt 0.527430 0.385495
vt 0.527430 0.252627
vt 0.496389 0.385495
vt 0.496389 0.252627
vt 0.470396 0.385495
vt 0.470396 0.252627
vt 0.416643 0.922197
vt 0.394153 0.904396
vt 0.361614 0.937139
vt 0.399613 0.964491
vt 0.445494 0.933835
vt 0.440141 0.977154
vt 0.477332 0.933836
vt 0.482884 0.977154
vt 0.506184 0.922205
vt 0.523211 0.964494
vt 0.528677 0.904404
vt 0.561414 0.937144
vt 0.613890 0.385167
vt 0.656457 0.385167
vt 0.656457 0.252406
vt 0.613890 0.252406
vt 0.571109 0.385167
vt 0.571109 0.252406
vt 0.531834 0.385167
vt 0.531834 0.252406
vt 0.490983 0.385167
vt 0.490983 0.252406
vt 0.444311 0.385167
vt 0.444311 0.252406
vt 0.399817 0.964494
vt 0.361614 0.937144
vt 0.394351 0.904404
vt 0.416843 0.922205
vt 0.440143 0.977154
vt 0.445695 0.933836
vt 0.482886 0.977154
vt 0.477534 0.933835
vt 0.523415 0.964491
vt 0.506385 0.922197
vt 0.561414 0.937139
vt 0.528875 0.904396
vn 0.111557 -0.949862 -0.292091
vn 0.003920 -0.999992 0.001314
vn 0.003922 -0.999992 0.001309
vn 0.111997 -0.949475 -0.293178
vn 0.213299 -0.809013 -0.547725
vn 0.213300 -0.809010 -0.547728
vn 0.307481 -0.531032 -0.789595
vn 0.307480 -0.531037 -0.789592
vn 0.353570 -0.224985 -0.907948
vn 0.353570 -0.224991 -0.907947
vn 0.360410 -0.116393 -0.925504
vn 0.360410 -0.116393 -0.925504
vn 0.934364 0.000811 0.356318
vn 0.949007 0.001662 0.315250
vn 0.949006 0.001662 0.315252
vn 0.934379 0.000817 0.356281
vn 0.931838 -0.000129 0.362876
vn 0.931840 -0.000139 0.362869
vn 0.931815 -0.000159 0.362934
vn 0.931812 -0.000122 0.362941
vn 0.931843 0.000207 0.362862
vn 0.931838 0.000087 0.362875
vn 0.931857 0.000534 0.362827
vn 0.931856 0.000534 0.362827
vn -0.103814 0.956751 0.271752
vn -0.003595 0.999993 -0.001221
vn -0.003598 0.999993 -0.001212
vn -0.103518 0.956991 0.271019
vn -0.209708 0.816088 0.538538
vn -0.209716 0.816073 0.538557
vn -0.293077 0.589629 0.752624
vn -0.293077 0.589629 0.752624
vn -0.346726 0.313829 0.883908
vn -0.346722 0.313856 0.883900
vn -0.362394 0.157315 0.918653
vn -0.362394 0.157315 0.918653
vn -0.932968 -0.000552 -0.359960
vn -0.949065 -0.001170 -0.315079
vn -0.949065 -0.001170 -0.315079
vn -0.932939 -0.000539 -0.360034
vn -0.931806 -0.000257 -0.362958
vn -0.931806 -0.000277 -0.362958
vn -0.931813 -0.000191 -0.362939
vn -0.931815 -0.000080 -0.362933
vn -0.931860 0.000157 -0.362818
vn -0.931873 0.000114 -0.362785
vn -0.931907 0.000000 -0.362697
vn -0.931907 0.000000 -0.362697
vn -0.085325 -0.949857 0.300818
vn -0.085617 -0.949476 0.301935
vn -0.156727 -0.808992 0.566541
vn -0.156731 -0.808982 0.566554
vn -0.225941 -0.531011 0.816687
vn -0.225943 -0.531003 0.816692
vn -0.259815 -0.225056 0.939066
vn -0.259816 -0.225042 0.939070
vn -0.264841 -0.116521 0.957226
vn -0.264841 -0.116521 0.957226
vn 0.961910 0.000751 0.273367
vn 0.961899 0.000755 0.273404
vn 0.963825 0.000069 0.266536
vn 0.963827 0.000064 0.266529
vn 0.963853 -0.000100 0.266434
vn 0.963841 -0.000044 0.266478
vn 0.963813 0.000297 0.266579
vn 0.963833 0.000154 0.266508
vn 0.963760 0.000684 0.266771
vn 0.963760 0.000684 0.266771
vn 0.079364 0.956743 -0.279899
vn 0.079161 0.956986 -0.279127
vn 0.154070 0.816077 -0.557028
vn 0.154078 0.816056 -0.557058
vn 0.215318 0.589603 -0.778464
vn 0.215317 0.589609 -0.778460
vn 0.250872 0.313818 -0.915741
vn 0.250870 0.313846 -0.915732
vn 0.259118 0.157403 -0.952934
vn 0.259118 0.157403 -0.952934
vn -0.962978 -0.000552 -0.269579
vn -0.962999 -0.000539 -0.269504
vn -0.963804 0.000000 -0.266612
vn -0.963803 0.000000 -0.266615
vn -0.963789 -0.000122 -0.266664
vn -0.963789 -0.000159 -0.266665
vn -0.963810 -0.000187 -0.266590
vn -0.963817 -0.000154 -0.266563
vn -0.963837 -0.000068 -0.266493
vn -0.963837 -0.000068 -0.266493
s 1
g bucket_handlelock_low1
usemtl main1
f 390/505/469 389/504/470 395/550/471 396/545/472
f 391/506/473 390/505/469 396/545/472 397/544/474
f 392/507/475 391/506/473 397/544/474 398/543/476
f 393/508/477 392/507/475 398/543/476 399/541/478
f 394/509/479 393/508/477 399/541/478 400/542/480
s 2
f 396/510/481 395/551/482 401/548/483 402/540/484
f 397/511/485 396/510/481 402/540/484 403/539/486
f 398/512/487 397/511/485 403/539/486 404/538/488
f 399/513/489 398/512/487 404/538/488 405/536/490
f 400/514/491 399/513/489 405/536/490 406/537/492
s 3
f 402/515/493 401/549/494 407/546/495 408/535/496
f 403/516/497 402/515/493 408/535/496 409/534/498
f 404/517/499 403/516/497 409/534/498 410/533/500
f 405/518/501 404/517/499 410/533/500 411/531/502
f 406/519/503 405/518/501 411/531/502 412/532/504
s 4
f 408/520/505 407/547/506 389/525/507 390/526/508
f 409/521/509 408/520/505 390/526/508 391/527/510
f 410/522/511 409/521/509 391/527/510 392/528/512
f 411/523/513 410/522/511 392/528/512 393/529/514
f 412/524/515 411/523/513 393/529/514 394/530/516
s 1
f 413/552/517 418/555/518 395/554/471 389/553/470
f 414/556/519 419/557/520 418/555/518 413/552/517
f 415/558/521 420/559/522 419/557/520 414/556/519
f 416/560/523 421/561/524 420/559/522 415/558/521
f 417/562/525 422/563/526 421/561/524 416/560/523
s 2
f 418/564/527 423/567/528 401/566/483 395/565/482
f 419/568/529 424/569/530 423/567/528 418/564/527
f 420/570/531 425/571/532 424/569/530 419/568/529
f 421/572/533 426/573/534 425/571/532 420/570/531
f 422/574/535 427/575/536 426/573/534 421/572/533
s 3
f 423/576/537 428/579/538 407/578/495 401/577/494
f 424/580/539 429/581/540 428/579/538 423/576/537
f 425/582/541 430/583/542 429/581/540 424/580/539
f 426/584/543 431/585/544 430/583/542 425/582/541
f 427/586/545 432/587/546 431/585/544 426/584/543
s 4
f 428/588/547 413/591/548 389/590/507 407/589/506
f 429/592/549 414/593/550 413/591/548 428/588/547
f 430/594/551 415/595/552 414/593/550 429/592/549
f 431/596/553 416/597/554 415/595/552 430/594/551
f 432/598/555 417/599/556 416/597/554 431/596/553
g default
v 57.816353 7.767829 -5.295914
v 57.977165 7.767829 -5.295914
v 57.816353 6.733450 -5.295914
v 57.977165 6.733450 -5.295914
vt 0.631871 0.784560
vt 0.651502 0.784560
vt 0.631872 0.910827
vt 0.651503 0.910827
vn 0.000000 0.000000 -1.000000
vn 0.000000 0.000000 -1.000000
vn 0.000000 0.000000 -1.000000
vn 0.000000 0.000000 -1.000000
s off
g iron_chain_6pack2_low25
usemtl main1
f 433/600/557 434/601/558 436/603/559 435/602/560
g default
v 57.894363 9.206958 -5.380125
v 57.894363 9.206958 -5.219753
v 57.894363 7.621964 -5.380125
v 57.894363 7.621964 -5.219753
vt 0.598424 0.785967
vt 0.618000 0.785964
vt 0.598459 0.979445
vt 0.618035 0.979442
vn 1.000000 0.000000 0.000000
vn 1.000000 0.000000 0.000000
vn 1.000000 0.000000 0.000000
vn 1.000000 0.000000 0.000000
s off
g iron_chain_6pack1_low14
usemtl main1
f 437/604/561 438/605/562 440/607/563 439/606/564
g default
v 57.895754 9.206958 -5.380125
v 57.895754 9.206958 -5.219753
v 57.895754 7.621964 -5.380125
v 57.895754 7.621964 -5.219753
vt 0.598424 0.785967
vt 0.618000 0.785964
vt 0.598459 0.979445
vt 0.618035 0.979442
vn 1.000000 0.000000 0.000000
vn 1.000000 0.000000 0.000000
vn 1.000000 0.000000 0.000000
vn 1.000000 0.000000 0.000000
s off
g iron_chain_6pack1_low13
usemtl main1
f 441/608/565 442/609/566 444/611/567 443/610/568
g default
v 57.892607 9.206958 -5.380125
v 57.892607 9.206958 -5.219753
v 57.892607 7.621964 -5.380125
v 57.892607 7.621964 -5.219753
vt 0.598424 0.785967
vt 0.618000 0.785964
vt 0.598459 0.979445
vt 0.618035 0.979442
vn 1.000000 0.000000 0.000000
vn 1.000000 0.000000 0.000000
vn 1.000000 0.000000 0.000000
vn 1.000000 0.000000 0.000000
s off
g iron_chain_6pack1_low12
usemtl main1
f 445/612/569 446/613/570 448/615/571 447/614/572
g default
v 57.816353 7.767829 -5.299303
v 57.977165 7.767829 -5.299303
v 57.816353 6.733450 -5.299303
v 57.977165 6.733450 -5.299303
vt 0.631871 0.784560
vt 0.651502 0.784560
vt 0.631872 0.910827
vt 0.651503 0.910827
vn 0.000000 0.000000 -1.000000
vn 0.000000 0.000000 -1.000000
vn 0.000000 0.000000 -1.000000
vn 0.000000 0.000000 -1.000000
s off
g iron_chain_6pack2_low24
usemtl main1
f 449/616/573 450/617/574 452/619/575 451/618/576
g default
v 57.816353 7.767829 -5.300433
v 57.977165 7.767829 -5.300433
v 57.816353 6.733450 -5.300433
v 57.977165 6.733450 -5.300433
vt 0.631871 0.784560
vt 0.651502 0.784560
vt 0.631872 0.910827
vt 0.651503 0.910827
vn 0.000000 0.000000 -1.000000
vn 0.000000 0.000000 -1.000000
vn 0.000000 0.000000 -1.000000
vn 0.000000 0.000000 -1.000000
s off
g iron_chain_6pack2_low23
usemtl main1
f 453/620/577 454/621/578 456/623/579 455/622/580
g default
v 57.892607 10.791952 -5.380125
v 57.892607 10.791952 -5.219753
v 57.892607 9.206958 -5.380125
v 57.892607 9.206958 -5.219753
vt 0.598424 0.785967
vt 0.618000 0.785964
vt 0.598459 0.979445
vt 0.618035 0.979442
vn 1.000000 0.000000 0.000000
vn 1.000000 0.000000 0.000000
vn 1.000000 0.000000 0.000000
vn 1.000000 0.000000 0.000000
s off
g iron_chain_6pack1_low11
usemtl main1
f 457/624/581 458/625/582 460/627/583 459/626/584
g default
v 57.892607 12.376946 -5.380125
v 57.892607 12.376946 -5.219753
v 57.892607 10.791952 -5.380125
v 57.892607 10.791952 -5.219753
vt 0.598424 0.785967
vt 0.618000 0.785964
vt 0.598459 0.979445
vt 0.618035 0.979442
vn 1.000000 0.000000 0.000000
vn 1.000000 0.000000 0.000000
vn 1.000000 0.000000 0.000000
vn 1.000000 0.000000 0.000000
s off
g iron_chain_6pack1_low8
usemtl main1
f 461/628/585 462/629/586 464/631/587 463/630/588
g default
v 57.895754 12.376946 -5.380125
v 57.895754 12.376946 -5.219753
v 57.895754 10.791952 -5.380125
v 57.895754 10.791952 -5.219753
vt 0.598424 0.785967
vt 0.618000 0.785964
vt 0.598459 0.979445
vt 0.618035 0.979442
vn 1.000000 0.000000 0.000000
vn 1.000000 0.000000 0.000000
vn 1.000000 0.000000 0.000000
vn 1.000000 0.000000 0.000000
s off
g iron_chain_6pack1_low7
usemtl main1
f 465/632/589 466/633/590 468/635/591 467/634/592
g default
v 57.894363 12.376946 -5.380125
v 57.894363 12.376946 -5.219753
v 57.894363 10.791952 -5.380125
v 57.894363 10.791952 -5.219753
vt 0.598424 0.785967
vt 0.618000 0.785964
vt 0.598459 0.979445
vt 0.618035 0.979442
vn 1.000000 0.000000 0.000000
vn 1.000000 0.000000 0.000000
vn 1.000000 0.000000 0.000000
vn 1.000000 0.000000 0.000000
s off
g iron_chain_6pack1_low6
usemtl main1
f 469/636/593 470/637/594 472/639/595 471/638/596
g default
v 57.895754 10.791952 -5.380125
v 57.895754 10.791952 -5.219753
v 57.895754 9.206958 -5.380125
v 57.895754 9.206958 -5.219753
vt 0.598424 0.785967
vt 0.618000 0.785964
vt 0.598459 0.979445
vt 0.618035 0.979442
vn 1.000000 0.000000 0.000000
vn 1.000000 0.000000 0.000000
vn 1.000000 0.000000 0.000000
vn 1.000000 0.000000 0.000000
s off
g iron_chain_6pack1_low10
usemtl main1
f 473/640/597 474/641/598 476/643/599 475/642/600
g default
v 57.894363 10.791952 -5.380125
v 57.894363 10.791952 -5.219753
v 57.894363 9.206958 -5.380125
v 57.894363 9.206958 -5.219753
vt 0.598424 0.785967
vt 0.618000 0.785964
vt 0.598459 0.979445
vt 0.618035 0.979442
vn 1.000000 0.000000 0.000000
vn 1.000000 0.000000 0.000000
vn 1.000000 0.000000 0.000000
vn 1.000000 0.000000 0.000000
s off
g iron_chain_6pack1_low9
usemtl main1
f 477/644/601 478/645/602 480/647/603 479/646/604
g default
v 59.959786 3.711756 -3.581001
v 58.979630 3.711756 -3.581001
v 59.959786 2.773779 -3.580999
v 58.979630 2.773779 -3.580999
vt 0.493318 0.508906
vt 0.615030 0.508921
vt 0.493303 0.625381
vt 0.615016 0.625396
vn 0.000000 0.000002 1.000000
vn 0.000000 0.000002 1.000000
vn 0.000000 0.000002 1.000000
vn 0.000000 0.000002 1.000000
s off
g log_circles4
usemtl main1
f 481/648/605 482/649/606 484/651/607 483/650/608
g default
v 59.981847 1.093616 -3.598741
v 59.806287 0.918058 -3.598741
v 59.566472 0.853800 -3.598741
v 59.326657 0.918058 -3.598741
v 59.151101 1.093616 -3.598741
v 59.086839 1.333432 -3.598741
v 59.151101 1.573248 -3.598741
v 59.326657 1.748806 -3.598741
v 59.566472 1.813064 -3.598741
v 59.806287 1.748806 -3.598741
v 59.981847 1.573248 -3.598741
v 60.046106 1.333432 -3.598741
v 59.981847 1.093615 -8.584566
v 59.806287 0.918058 -8.584566
v 59.566472 0.853800 -8.584566
v 59.326657 0.918058 -8.584566
v 59.151101 1.093615 -8.584566
v 59.086839 1.333432 -8.584566
v 59.151101 1.573248 -8.584566
v 59.326657 1.748806 -8.584567
v 59.566472 1.813064 -8.584566
v 59.806287 1.748806 -8.584567
v 59.981847 1.573248 -8.584566
v 60.046106 1.333432 -8.584566
vt 0.377278 0.654191
vt 0.387651 0.654191
vt 0.398025 0.654191
vt 0.283918 0.654191
vt 0.294291 0.654191
vt 0.304664 0.654191
vt 0.315038 0.654191
vt 0.325411 0.654191
vt 0.335784 0.654191
vt 0.346158 0.654191
vt 0.356531 0.654191
vt 0.366905 0.654191
vt 0.377279 0.862507
vt 0.387652 0.862507
vt 0.273545 0.862507
vt 0.283919 0.862507
vt 0.294292 0.862507
vt 0.304665 0.862507
vt 0.315039 0.862507
vt 0.325412 0.862507
vt 0.335786 0.862507
vt 0.346159 0.862507
vt 0.356532 0.862507
vt 0.366906 0.862507
vt 0.273544 0.654191
vt 0.398026 0.862506
vn 0.866026 -0.499999 0.000000
vn 0.500000 -0.866026 0.000000
vn 0.866026 -0.499999 0.000000
vn 0.499999 -0.866026 0.000000
vn 0.000000 -1.000000 0.000000
vn -0.000000 -1.000000 0.000000
vn -0.499999 -0.866026 0.000000
vn -0.499999 -0.866026 0.000000
vn -0.866026 -0.499999 0.000000
vn -0.866015 -0.500018 0.000000
vn -1.000000 0.000025 0.000000
vn -1.000000 -0.000025 0.000000
vn -0.866015 0.500018 0.000000
vn -0.866024 0.500002 0.000000
vn -0.499999 0.866026 0.000000
vn -0.499998 0.866027 0.000000
vn 0.000000 1.000000 0.000000
vn -0.000002 1.000000 0.000000
vn 0.500000 0.866026 0.000000
vn 0.500001 0.866025 0.000000
vn 0.866026 0.499999 0.000000
vn 0.866027 0.499997 0.000000
vn 1.000000 0.000000 0.000000
vn 1.000000 -0.000000 0.000000
s 1
g well_log_low12
usemtl main1
f 485/652/609 486/653/610 497/664/611
f 497/664/611 486/653/610 498/665/612
f 486/653/610 487/654/613 498/665/612
f 498/665/612 487/654/613 499/677/614
f 487/676/613 488/655/615 499/666/614
f 499/666/614 488/655/615 500/667/616
f 488/655/615 489/656/617 500/667/616
f 500/667/616 489/656/617 501/668/618
f 489/656/617 490/657/619 501/668/618
f 501/668/618 490/657/619 502/669/620
f 490/657/619 491/658/621 502/669/620
f 502/669/620 491/658/621 503/670/622
f 491/658/621 492/659/623 503/670/622
f 503/670/622 492/659/623 504/671/624
f 492/659/623 493/660/625 504/671/624
f 504/671/624 493/660/625 505/672/626
f 493/660/625 494/661/627 505/672/626
f 505/672/626 494/661/627 506/673/628
f 494/661/627 495/662/629 506/673/628
f 506/673/628 495/662/629 507/674/630
f 495/662/629 496/663/631 507/674/630
f 507/674/630 496/663/631 508/675/632
f 496/663/631 485/652/609 508/675/632
f 508/675/632 485/652/609 497/664/611
g default
v 60.035460 1.823509 -8.586619
v 60.035460 0.843353 -8.586619
v 59.097483 1.823509 -8.586621
v 59.097483 0.843353 -8.586621
vt 0.493318 0.508906
vt 0.615030 0.508921
vt 0.493303 0.625381
vt 0.615016 0.625396
vn 0.000002 -0.000000 -1.000000
vn 0.000002 -0.000000 -1.000000
vn 0.000002 -0.000000 -1.000000
vn 0.000002 -0.000000 -1.000000
s off
g log_circles3
usemtl main1
f 509/678/633 510/679/634 512/681/635 511/680/636
g default
v 58.950357 1.791031 -8.590781
v 58.950357 2.771186 -8.590781
v 59.888335 1.791031 -8.590783
v 59.888335 2.771186 -8.590783
vt 0.493318 0.508906
vt 0.615030 0.508921
vt 0.493303 0.625381
vt 0.615016 0.625396
vn -0.000002 0.000000 -1.000000
vn -0.000002 0.000000 -1.000000
vn -0.000002 0.000000 -1.000000
vn -0.000002 0.000000 -1.000000
s off
g log_circles2
usemtl main1
f 513/682/637 514/683/638 516/685/639 515/684/640
g default
v 57.894558 6.815392 -5.426308
v 57.894558 6.815392 -5.166148
v 57.894558 6.367935 -5.426308
v 57.894558 6.367935 -5.166148
vt 0.658857 0.724464
vt 0.658852 0.759336
vt 0.598879 0.724455
vt 0.598873 0.759327
vn 1.000000 0.000000 0.000000
vn 1.000000 0.000000 0.000000
vn 1.000000 0.000000 0.000000
vn 1.000000 0.000000 0.000000
s off
g type_s_ring
usemtl main1
f 517/686/641 518/687/642 520/689/643 519/688/644
g default
v 58.979632 3.711756 -8.611467
v 59.959787 3.711756 -8.611467
v 58.979632 2.773779 -8.611469
v 59.959787 2.773779 -8.611469
vt 0.493318 0.508906
vt 0.615030 0.508921
vt 0.493303 0.625381
vt 0.615016 0.625396
vn 0.000000 0.000002 -1.000000
vn 0.000000 0.000002 -1.000000
vn 0.000000 0.000002 -1.000000
vn 0.000000 0.000002 -1.000000
s off
g log_circles
usemtl main1
f 521/690/645 522/691/646 524/693/647 523/692/648
g default
v 57.105208 8.898918 21.149453
v 57.214327 8.982347 21.171806
v 57.352015 9.001895 21.177045
v 57.481377 8.952329 21.163763
v 57.567746 8.846926 21.135522
v 57.587985 8.713931 21.099884
v 57.536670 8.588978 21.066403
v 57.427551 8.505549 21.044050
v 57.289862 8.486000 21.038811
v 57.160500 8.535567 21.052093
v 57.074131 8.640970 21.080334
v 57.053892 8.773966 21.115970
v 57.105208 9.534509 18.777402
v 57.214327 9.617937 18.799757
v 57.352015 9.637487 18.804995
v 57.481377 9.587919 18.791714
v 57.567747 9.482517 18.763471
v 57.587985 9.349521 18.727835
v 57.536670 9.224568 18.694354
v 57.427551 9.141140 18.671999
v 57.289862 9.121590 18.666761
v 57.160501 9.171158 18.680042
v 57.074131 9.276560 18.708285
v 57.053893 9.409556 18.743921
vt 0.186820 0.837915
vt 0.176446 0.837915
vt 0.166073 0.837915
vt 0.155700 0.837915
vt 0.145326 0.837915
vt 0.134953 0.837915
vt 0.249060 0.837916
vt 0.238687 0.837916
vt 0.228313 0.837916
vt 0.217940 0.837916
vt 0.207566 0.837916
vt 0.197193 0.837915
vt 0.186821 0.654868
vt 0.176448 0.654868
vt 0.166074 0.654868
vt 0.155701 0.654867
vt 0.145328 0.654867
vt 0.259435 0.654868
vt 0.249061 0.654868
vt 0.238688 0.654868
vt 0.228315 0.654868
vt 0.217941 0.654868
vt 0.207568 0.654868
vt 0.197195 0.654868
vt 0.259433 0.837916
vt 0.134954 0.654867
vn -0.802446 0.576394 0.154435
vn -0.396559 0.886731 0.237590
vn -0.396558 0.886731 0.237590
vn -0.802446 0.576394 0.154435
vn 0.115590 0.959450 0.257089
vn 0.115590 0.959450 0.257089
vn 0.596738 0.775092 0.207695
vn 0.596737 0.775092 0.207695
vn 0.918016 0.383030 0.102636
vn 0.918016 0.383030 0.102635
vn 0.993297 -0.111652 -0.029917
vn 0.993297 -0.111653 -0.029917
vn 0.802435 -0.576407 -0.154445
vn 0.802436 -0.576406 -0.154444
vn 0.396559 -0.886731 -0.237590
vn 0.396559 -0.886731 -0.237590
vn -0.115590 -0.959451 -0.257083
vn -0.115590 -0.959451 -0.257083
vn -0.596738 -0.775092 -0.207695
vn -0.596738 -0.775091 -0.207695
vn -0.918017 -0.383029 -0.102635
vn -0.918017 -0.383028 -0.102635
vn -0.993297 0.111653 0.029917
vn -0.993297 0.111653 0.029917
s 1
g log_low1
usemtl main1
f 525/694/649 526/695/650 538/707/651 537/706/652
f 526/695/650 527/696/653 539/708/654 538/707/651
f 527/696/653 528/697/655 540/709/656 539/708/654
f 528/697/655 529/698/657 541/710/658 540/709/656
f 529/698/657 530/699/659 542/719/660 541/710/658
f 530/718/659 531/700/661 543/712/662 542/711/660
f 531/700/661 532/701/663 544/713/664 543/712/662
f 532/701/663 533/702/665 545/714/666 544/713/664
f 533/702/665 534/703/667 546/715/668 545/714/666
f 534/703/667 535/704/669 547/716/670 546/715/668
f 535/704/669 536/705/671 548/717/672 547/716/670
f 536/705/671 525/694/649 537/706/652 548/717/672
g default
v 57.608419 9.122716 18.662734
v 57.051117 9.130224 18.666983
v 57.616411 9.637868 18.800767
v 57.059109 9.645376 18.805016
vt 0.493318 0.508906
vt 0.615030 0.508921
vt 0.493303 0.625381
vt 0.615016 0.625396
vn -0.003878 0.258871 -0.965904
vn -0.003878 0.258871 -0.965904
vn -0.003878 0.258871 -0.965904
vn -0.003878 0.258871 -0.965904
s off
g log_circles29
usemtl main1
f 549/720/673 550/721/674 552/723/675 551/722/676
g default
v 58.251657 9.643346 18.803999
v 58.809008 9.640181 18.800913
v 58.247967 9.128154 18.665935
v 58.805318 9.124989 18.662849
vt 0.493318 0.508906
vt 0.615030 0.508921
vt 0.493303 0.625381
vt 0.615016 0.625396
vn -0.003878 0.258875 -0.965903
vn -0.003878 0.258875 -0.965903
vn -0.003878 0.258875 -0.965903
vn -0.003878 0.258875 -0.965903
s off
g log_circles28
usemtl main1
f 553/724/677 554/725/678 556/727/679 555/726/680
g default
v 57.799829 15.859845 -5.391724
v 57.799829 16.065021 -5.391724
v 57.996176 15.859845 -5.391724
v 57.996176 16.065021 -5.391724
vt 0.493318 0.508906
vt 0.615030 0.508921
vt 0.493303 0.625381
vt 0.615016 0.625396
vn -0.000002 -0.000000 -1.000000
vn -0.000002 -0.000000 -1.000000
vn -0.000002 -0.000000 -1.000000
vn -0.000002 -0.000000 -1.000000
s off
g log_circles25
usemtl main1
f 557/728/681 558/729/682 560/731/683 559/730/684
g default
v 55.197667 1.554253 -3.825630
v 55.197978 1.375577 -4.004306
v 55.198402 1.310177 -4.248382
v 55.198827 1.375577 -4.492462
v 55.199138 1.554253 -4.671135
v 55.199251 1.798330 -4.736538
v 55.199138 2.042406 -4.671135
v 55.198827 2.221083 -4.492462
v 55.198402 2.286483 -4.248382
v 55.197977 2.221083 -4.004306
v 55.197667 2.042406 -3.825630
v 55.197553 1.798330 -3.760231
v 60.192992 1.559498 -3.866893
v 60.193296 1.384661 -4.041732
v 60.193712 1.320666 -4.280563
v 60.194128 1.384660 -4.519394
v 60.194432 1.559498 -4.694233
v 60.194543 1.798330 -4.758228
v 60.194432 2.037162 -4.694233
v 60.194128 2.211998 -4.519394
v 60.193712 2.275993 -4.280563
v 60.193297 2.211999 -4.041732
v 60.192993 2.037162 -3.866893
v 60.192881 1.798329 -3.802898
vt 0.236026 0.433732
vt 0.246398 0.433846
vt 0.256771 0.433993
vt 0.142666 0.433977
vt 0.153040 0.433989
vt 0.163413 0.433975
vt 0.173786 0.433928
vt 0.184160 0.433855
vt 0.194533 0.433770
vt 0.204906 0.433697
vt 0.215279 0.433657
vt 0.225652 0.433667
vt 0.235069 0.638806
vt 0.245219 0.638918
vt 0.133566 0.639023
vt 0.143716 0.639046
vt 0.153867 0.639058
vt 0.164017 0.639044
vt 0.174167 0.638998
vt 0.184318 0.638927
vt 0.194468 0.638844
vt 0.204618 0.638773
vt 0.214768 0.638733
vt 0.224919 0.638743
vt 0.132293 0.433953
vt 0.255368 0.639062
vn 0.007680 -0.499478 0.866293
vn 0.005327 -0.865463 0.500944
vn 0.007676 -0.500668 0.865606
vn 0.005314 -0.866639 0.498907
vn 0.002108 -0.999997 0.001262
vn 0.002091 -0.999997 -0.001438
vn -0.001115 -0.866562 -0.499069
vn -0.001128 -0.865384 -0.501109
vn -0.003477 -0.500521 -0.865717
vn -0.003482 -0.499316 -0.866413
vn -0.004342 0.000091 -0.999991
vn -0.004342 0.000095 -0.999991
vn -0.003477 0.500641 -0.865648
vn -0.003481 0.499518 -0.866296
vn -0.001114 0.866646 -0.498922
vn -0.001127 0.865492 -0.500922
vn 0.002109 0.999997 0.001443
vn 0.002092 0.999997 -0.001253
vn 0.005328 0.865384 0.501080
vn 0.005315 0.866539 0.499080
vn 0.007681 0.499319 0.866384
vn 0.007676 0.500481 0.865714
vn 0.008541 -0.000115 0.999964
vn 0.008541 -0.000097 0.999964
s 1
g well_log_low26
usemtl main1
f 561/732/685 562/733/686 573/744/687
f 573/744/687 562/733/686 574/745/688
f 562/733/686 563/734/689 574/745/688
f 574/745/688 563/734/689 575/757/690
f 563/756/689 564/735/691 575/746/690
f 575/746/690 564/735/691 576/747/692
f 564/735/691 565/736/693 576/747/692
f 576/747/692 565/736/693 577/748/694
f 565/736/693 566/737/695 577/748/694
f 577/748/694 566/737/695 578/749/696
f 566/737/695 567/738/697 578/749/696
f 578/749/696 567/738/697 579/750/698
f 567/738/697 568/739/699 579/750/698
f 579/750/698 568/739/699 580/751/700
f 568/739/699 569/740/701 580/751/700
f 580/751/700 569/740/701 581/752/702
f 569/740/701 570/741/703 581/752/702
f 581/752/702 570/741/703 582/753/704
f 570/741/703 571/742/705 582/753/704
f 582/753/704 571/742/705 583/754/706
f 571/742/705 572/743/707 583/754/706
f 583/754/706 572/743/707 584/755/708
f 572/743/707 561/732/685 584/755/708
f 584/755/708 561/732/685 573/744/687
g default
v 55.220402 0.610895 -3.830207
v 55.220402 0.435337 -4.005767
v 55.220402 0.371078 -4.245582
v 55.220402 0.435337 -4.485397
v 55.220402 0.610895 -4.660953
v 55.220402 0.850711 -4.725216
v 55.220402 1.090527 -4.660953
v 55.220402 1.266085 -4.485397
v 55.220402 1.330343 -4.245582
v 55.220402 1.266085 -4.005767
v 55.220402 1.090527 -3.830207
v 55.220402 0.850711 -3.765949
v 60.206228 0.610894 -3.830207
v 60.206228 0.435337 -4.005767
v 60.206228 0.371078 -4.245582
v 60.206228 0.435337 -4.485397
v 60.206228 0.610894 -4.660953
v 60.206228 0.850711 -4.725216
v 60.206228 1.090527 -4.660953
v 60.206229 1.266085 -4.485397
v 60.206228 1.330343 -4.245582
v 60.206229 1.266085 -4.005767
v 60.206228 1.090527 -3.830207
v 60.206228 0.850711 -3.765949
vt 0.377278 0.654191
vt 0.387651 0.654191
vt 0.398025 0.654191
vt 0.283918 0.654191
vt 0.294291 0.654191
vt 0.304664 0.654191
vt 0.315038 0.654191
vt 0.325411 0.654191
vt 0.335784 0.654191
vt 0.346158 0.654191
vt 0.356531 0.654191
vt 0.366905 0.654191
vt 0.377279 0.862507
vt 0.387652 0.862507
vt 0.273545 0.862507
vt 0.283919 0.862507
vt 0.294292 0.862507
vt 0.304665 0.862507
vt 0.315039 0.862507
vt 0.325412 0.862507
vt 0.335786 0.862507
vt 0.346159 0.862507
vt 0.356532 0.862507
vt 0.366906 0.862507
vt 0.273544 0.654191
vt 0.398026 0.862506
vn -0.000000 -0.499999 0.866026
vn -0.000000 -0.866026 0.500000
vn -0.000000 -0.499999 0.866026
vn 0.000000 -0.866026 0.499999
vn 0.000000 -1.000000 0.000000
vn -0.000000 -1.000000 -0.000000
vn -0.000000 -0.866026 -0.499999
vn -0.000000 -0.866026 -0.499999
vn -0.000000 -0.499999 -0.866026
vn -0.000000 -0.500018 -0.866015
vn -0.000000 0.000025 -1.000000
vn -0.000000 -0.000025 -1.000000
vn -0.000000 0.500018 -0.866015
vn -0.000000 0.500002 -0.866024
vn -0.000000 0.866026 -0.499999
vn -0.000000 0.866027 -0.499998
vn 0.000000 1.000000 0.000000
vn -0.000000 1.000000 -0.000002
vn 0.000000 0.866026 0.500000
vn 0.000000 0.866025 0.500001
vn 0.000000 0.499999 0.866026
vn 0.000000 0.499997 0.866027
vn 0.000000 0.000000 1.000000
vn -0.000000 -0.000000 1.000000
s 1
g well_log_low25
usemtl main1
f 585/758/709 586/759/710 597/770/711
f 597/770/711 586/759/710 598/771/712
f 586/759/710 587/760/713 598/771/712
f 598/771/712 587/760/713 599/783/714
f 587/782/713 588/761/715 599/772/714
f 599/772/714 588/761/715 600/773/716
f 588/761/715 589/762/717 600/773/716
f 600/773/716 589/762/717 601/774/718
f 589/762/717 590/763/719 601/774/718
f 601/774/718 590/763/719 602/775/720
f 590/763/719 591/764/721 602/775/720
f 602/775/720 591/764/721 603/776/722
f 591/764/721 592/765/723 603/776/722
f 603/776/722 592/765/723 604/777/724
f 592/765/723 593/766/725 604/777/724
f 604/777/724 593/766/725 605/778/726
f 593/766/725 594/767/727 605/778/726
f 605/778/726 594/767/727 606/779/728
f 594/767/727 595/768/729 606/779/728
f 606/779/728 595/768/729 607/780/730
f 595/768/729 596/769/731 607/780/730
f 607/780/730 596/769/731 608/781/732
f 596/769/731 585/758/709 608/781/732
f 608/781/732 585/758/709 597/770/711
g default
v 55.206528 2.519313 -3.862602
v 55.207344 2.342987 -4.038929
v 55.208459 2.278447 -4.279793
v 55.209575 2.342987 -4.520656
v 55.210392 2.519313 -4.696979
v 55.210690 2.760179 -4.761520
v 55.210392 3.001045 -4.696979
v 55.209575 3.177371 -4.520656
v 55.208459 3.241911 -4.279793
v 55.207344 3.177371 -4.038929
v 55.206527 3.001045 -3.862602
v 55.206229 2.760179 -3.798065
v 60.225187 2.519314 -3.839413
v 60.226003 2.342987 -4.015739
v 60.227118 2.278447 -4.256603
v 60.228234 2.342987 -4.497467
v 60.229050 2.519313 -4.673790
v 60.229350 2.760180 -4.738331
v 60.229050 3.001045 -4.673790
v 60.228236 3.177371 -4.497467
v 60.227119 3.241911 -4.256603
v 60.226003 3.177371 -4.015739
v 60.225187 3.001046 -3.839413
v 60.224887 2.760179 -3.774875
vt 0.377279 0.419762
vt 0.387653 0.419763
vt 0.398026 0.419763
vt 0.283919 0.419762
vt 0.294292 0.419762
vt 0.304666 0.419762
vt 0.315039 0.419762
vt 0.325412 0.419762
vt 0.335786 0.419762
vt 0.346159 0.419762
vt 0.356532 0.419762
vt 0.366906 0.419762
vt 0.377278 0.628538
vt 0.387651 0.628538
vt 0.273544 0.628538
vt 0.283918 0.628538
vt 0.294291 0.628538
vt 0.304664 0.628538
vt 0.315038 0.628538
vt 0.325411 0.628538
vt 0.335784 0.628538
vt 0.346158 0.628538
vt 0.356531 0.628538
vt 0.366905 0.628538
vt 0.273545 0.419762
vt 0.398025 0.628538
vn -0.004002 -0.499971 0.866033
vn -0.002310 -0.866035 0.499978
vn -0.004002 -0.500010 0.866010
vn -0.002310 -0.866018 0.500007
vn 0.000000 -1.000000 0.000002
vn -0.000000 -1.000000 -0.000000
vn 0.002310 -0.866030 -0.499986
vn 0.002310 -0.866014 -0.500014
vn 0.004001 -0.500008 -0.866012
vn 0.004002 -0.499978 -0.866029
vn 0.004621 -0.000025 -0.999989
vn 0.004621 0.000024 -0.999989
vn 0.004002 0.499953 -0.866044
vn 0.004001 0.500044 -0.865991
vn 0.002311 0.866012 -0.500018
vn 0.002310 0.866027 -0.499992
vn 0.000000 1.000000 0.000002
vn 0.000000 1.000000 -0.000003
vn -0.002310 0.866029 0.499989
vn -0.002310 0.866025 0.499995
vn -0.004001 0.500025 0.866002
vn -0.004002 0.499972 0.866032
vn -0.004621 0.000074 0.999989
vn -0.004621 -0.000048 0.999989
s 1
g well_log_low24
usemtl main1
f 609/784/733 610/785/734 621/796/735
f 621/796/735 610/785/734 622/797/736
f 610/785/734 611/786/737 622/797/736
f 622/797/736 611/786/737 623/809/738
f 611/808/737 612/787/739 623/798/738
f 623/798/738 612/787/739 624/799/740
f 612/787/739 613/788/741 624/799/740
f 624/799/740 613/788/741 625/800/742
f 613/788/741 614/789/743 625/800/742
f 625/800/742 614/789/743 626/801/744
f 614/789/743 615/790/745 626/801/744
f 626/801/744 615/790/745 627/802/746
f 615/790/745 616/791/747 627/802/746
f 627/802/746 616/791/747 628/803/748
f 616/791/747 617/792/749 628/803/748
f 628/803/748 617/792/749 629/804/750
f 617/792/749 618/793/751 629/804/750
f 629/804/750 618/793/751 630/805/752
f 618/793/751 619/794/753 630/805/752
f 630/805/752 619/794/753 631/806/754
f 619/794/753 620/795/755 631/806/754
f 631/806/754 620/795/755 632/807/756
f 620/795/755 609/784/733 632/807/756
f 632/807/756 609/784/733 621/796/735
g default
v 58.786953 8.487433 21.042975
v 58.768011 9.023982 21.186743
v 58.255380 8.469924 21.038285
v 58.236438 9.006473 21.182053
vt 0.493318 0.508906
vt 0.615030 0.508921
vt 0.493303 0.625381
vt 0.615016 0.625396
vn 0.000002 -0.258819 0.965926
vn 0.000002 -0.258819 0.965926
vn 0.000002 -0.258819 0.965926
vn 0.000002 -0.258819 0.965926
s off
g log_circles27
usemtl main1
f 633/810/757 634/811/758 636/813/759 635/812/760
g default
v 58.255787 9.022529 21.207242
v 57.587629 9.049244 21.214400
v 58.229319 8.404910 21.041753
v 57.561162 8.431625 21.048911
vt 0.493318 0.508906
vt 0.615030 0.508921
vt 0.493303 0.625381
vt 0.615016 0.625396
vn 0.000000 -0.258817 0.965926
vn 0.000000 -0.258817 0.965926
vn 0.000000 -0.258817 0.965926
vn 0.000000 -0.258817 0.965926
s off
g log_circles26
usemtl main1
f 637/814/761 638/815/762 640/817/763 639/816/764
g default
v 60.196901 2.429331 -4.497431
v 60.196901 1.983757 -3.624408
v 60.196903 1.593876 -4.923831
v 60.196903 1.148302 -4.050808
vt 0.493318 0.508906
vt 0.615030 0.508921
vt 0.493303 0.625381
vt 0.615016 0.625396
vn 1.000000 0.000002 0.000001
vn 1.000000 0.000002 0.000001
vn 1.000000 0.000002 0.000001
vn 1.000000 0.000002 0.000001
s off
g log_circles24
usemtl main1
f 641/818/765 642/819/766 644/821/767 643/820/768
g default
v 60.181931 2.613926 -4.919310
v 60.181931 3.425191 -4.369262
v 60.181933 2.087547 -4.142955
v 60.181933 2.898813 -3.592907
vt 0.493318 0.508906
vt 0.615030 0.508921
vt 0.493303 0.625381
vt 0.615016 0.625396
vn 1.000000 0.000001 -0.000002
vn 1.000000 0.000001 -0.000002
vn 1.000000 0.000001 -0.000002
vn 1.000000 0.000001 -0.000002
s off
g log_circles23
usemtl main1
f 645/822/769 646/823/770 648/825/771 647/824/772
g default
v 60.214732 1.315842 -4.752426
v 60.214732 1.315842 -3.772270
v 60.214734 0.377864 -4.752426
v 60.214734 0.377864 -3.772270
vt 0.493318 0.508906
vt 0.615030 0.508921
vt 0.493303 0.625381
vt 0.615016 0.625396
vn 1.000000 0.000002 -0.000000
vn 1.000000 0.000002 -0.000000
vn 1.000000 0.000002 -0.000000
vn 1.000000 0.000002 -0.000000
s off
g log_circles22
usemtl main1
f 649/826/773 650/827/774 652/829/775 651/828/776
g default
v 55.183462 2.774964 -3.521363
v 55.183462 3.432968 -4.247818
v 55.183460 2.079771 -4.151051
v 55.183460 2.737774 -4.877506
vt 0.493318 0.508906
vt 0.615030 0.508921
vt 0.493303 0.625381
vt 0.615016 0.625396
vn -1.000000 0.000001 0.000001
vn -1.000000 0.000001 0.000001
vn -1.000000 0.000001 0.000001
vn -1.000000 0.000001 0.000001
s off
g log_circles21
usemtl main1
f 653/830/777 654/831/778 656/833/779 655/832/780
g default
v 55.183462 2.303257 -8.538735
v 55.183462 2.303257 -7.583799
v 55.183460 3.217100 -8.538735
v 55.183460 3.217100 -7.583799
vt 0.493318 0.508906
vt 0.615030 0.508921
vt 0.493303 0.625381
vt 0.615016 0.625396
vn -1.000000 -0.000002 0.000000
vn -1.000000 -0.000002 0.000000
vn -1.000000 -0.000002 0.000000
vn -1.000000 -0.000002 0.000000
s off
g log_circles18
usemtl main1
f 657/834/781 658/835/782 660/837/783 659/836/784
g default
v 55.191720 2.431173 -7.761253
v 55.191720 1.978325 -8.630525
v 55.191718 1.599308 -7.327892
v 55.191718 1.146460 -8.197164
vt 0.493318 0.508906
vt 0.615030 0.508921
vt 0.493303 0.625381
vt 0.615016 0.625396
vn -1.000000 0.000002 -0.000001
vn -1.000000 0.000002 -0.000001
vn -1.000000 0.000002 -0.000001
vn -1.000000 0.000002 -0.000001
s off
g log_circles17
usemtl main1
f 661/838/785 662/839/786 664/841/787 663/840/788
g default
v 55.208502 1.315842 -7.528814
v 55.208502 1.315842 -8.508969
v 55.208500 0.377864 -7.528814
v 55.208500 0.377864 -8.508969
vt 0.493318 0.508906
vt 0.615030 0.508921
vt 0.493303 0.625381
vt 0.615016 0.625396
vn -1.000000 0.000002 -0.000000
vn -1.000000 0.000002 -0.000000
vn -1.000000 0.000002 -0.000000
vn -1.000000 0.000002 -0.000000
s off
g log_circles16
usemtl main1
f 665/842/789 666/843/790 668/845/791 667/844/792
g default
v 55.208502 1.180059 -4.837555
v 55.208502 0.243427 -4.548721
v 55.208500 1.456465 -3.941228
v 55.208500 0.519833 -3.652394
vt 0.493318 0.508906
vt 0.615030 0.508921
vt 0.493303 0.625381
vt 0.615016 0.625396
vn -1.000000 -0.000001 -0.000002
vn -1.000000 -0.000001 -0.000002
vn -1.000000 -0.000001 -0.000002
vn -1.000000 -0.000001 -0.000002
s off
g log_circles20
usemtl main1
f 669/846/793 670/847/794 672/849/795 671/848/796
g default
v 55.191720 2.257805 -3.714260
v 55.191720 2.257805 -4.694416
v 55.191718 1.319828 -3.714260
v 55.191718 1.319828 -4.694416
vt 0.493318 0.508906
vt 0.615030 0.508921
vt 0.493303 0.625381
vt 0.615016 0.625396
vn -1.000000 0.000002 -0.000000
vn -1.000000 0.000002 -0.000000
vn -1.000000 0.000002 -0.000000
vn -1.000000 0.000002 -0.000000
s off
g log_circles19
usemtl main1
f 673/850/797 674/851/798 676/853/799 675/852/800
g default
v 60.214732 0.377863 -7.547142
v 60.214732 0.377863 -8.527298
v 60.214734 1.315841 -7.547142
v 60.214734 1.315841 -8.527298
vt 0.493318 0.508906
vt 0.615030 0.508921
vt 0.493303 0.625381
vt 0.615016 0.625396
vn 1.000000 -0.000002 0.000000
vn 1.000000 -0.000002 0.000000
vn 1.000000 -0.000002 0.000000
vn 1.000000 -0.000002 0.000000
s off
g log_circles15
usemtl main1
f 677/854/801 678/855/802 680/857/803 679/856/804
g default
v 60.196901 2.273416 -8.532238
v 60.196901 2.273416 -7.531415
v 60.196903 1.315660 -8.532238
v 60.196903 1.315660 -7.531415
vt 0.493318 0.508906
vt 0.615030 0.508921
vt 0.493303 0.625381
vt 0.615016 0.625396
vn 1.000000 0.000002 -0.000000
vn 1.000000 0.000002 -0.000000
vn 1.000000 0.000002 -0.000000
vn 1.000000 0.000002 -0.000000
s off
g log_circles14
usemtl main1
f 681/858/805 682/859/806 684/861/807 683/860/808
g default
v 58.748493 8.614104 21.073137
v 58.650089 8.519052 21.047667
v 58.515663 8.484261 21.038345
v 58.381237 8.519052 21.047667
v 58.282833 8.614104 21.073137
v 58.246815 8.743949 21.107927
v 58.282833 8.873794 21.142719
v 58.381237 8.968846 21.168190
v 58.515663 9.003637 21.177511
v 58.650089 8.968846 21.168190
v 58.748493 8.873794 21.142719
v 58.784512 8.743949 21.107927
v 58.748493 9.249693 18.701086
v 58.650089 9.154640 18.675617
v 58.515663 9.119849 18.666294
v 58.381237 9.154640 18.675617
v 58.282833 9.249693 18.701086
v 58.246815 9.379538 18.735878
v 58.282833 9.509382 18.770670
v 58.381237 9.604435 18.796139
v 58.515663 9.639227 18.805462
v 58.650089 9.604435 18.796139
v 58.748493 9.509382 18.770670
v 58.784512 9.379538 18.735878
vt 0.186820 0.837915
vt 0.176446 0.837915
vt 0.166073 0.837915
vt 0.155700 0.837915
vt 0.145326 0.837915
vt 0.134953 0.837915
vt 0.249060 0.837916
vt 0.238687 0.837916
vt 0.228313 0.837916
vt 0.217940 0.837916
vt 0.207566 0.837916
vt 0.197193 0.837915
vt 0.186821 0.654868
vt 0.176448 0.654868
vt 0.166074 0.654868
vt 0.155701 0.654867
vt 0.145328 0.654867
vt 0.259435 0.654868
vt 0.249061 0.654868
vt 0.238688 0.654868
vt 0.228315 0.654868
vt 0.217941 0.654868
vt 0.207568 0.654868
vt 0.197195 0.654868
vt 0.259433 0.837916
vt 0.134954 0.654867
vn 0.866043 -0.482930 -0.129411
vn 0.500015 -0.836506 -0.224151
vn 0.500014 -0.836506 -0.224151
vn 0.866044 -0.482930 -0.129410
vn 0.000001 -0.965927 -0.258815
vn 0.000001 -0.965927 -0.258815
vn -0.499983 -0.836528 -0.224138
vn -0.499982 -0.836528 -0.224138
vn -0.866026 -0.482963 -0.129407
vn -0.866026 -0.482962 -0.129407
vn -1.000000 -0.000001 -0.000000
vn -1.000000 0.000000 0.000000
vn -0.866034 0.482947 0.129409
vn -0.866035 0.482947 0.129409
vn -0.500015 0.836506 0.224150
vn -0.500015 0.836506 0.224150
vn -0.000001 0.965925 0.258821
vn -0.000001 0.965925 0.258821
vn 0.499983 0.836528 0.224138
vn 0.499984 0.836528 0.224138
vn 0.866026 0.482962 0.129407
vn 0.866027 0.482961 0.129406
vn 1.000000 -0.000001 -0.000000
vn 1.000000 -0.000000 0.000000
s 1
g log_low
usemtl main1
f 685/862/809 686/863/810 698/875/811 697/874/812
f 686/863/810 687/864/813 699/876/814 698/875/811
f 687/864/813 688/865/815 700/877/816 699/876/814
f 688/865/815 689/866/817 701/878/818 700/877/816
f 689/866/817 690/867/819 702/887/820 701/878/818
f 690/886/819 691/868/821 703/880/822 702/879/820
f 691/868/821 692/869/823 704/881/824 703/880/822
f 692/869/823 693/870/825 705/882/826 704/881/824
f 693/870/825 694/871/827 706/883/828 705/882/826
f 694/871/827 695/872/829 707/884/830 706/883/828
f 695/872/829 696/873/831 708/885/832 707/884/830
f 696/873/831 685/862/809 697/874/812 708/885/832
g default
v 57.816353 15.681137 -5.299303
v 57.977165 15.681137 -5.299303
v 57.816353 14.098475 -5.299303
v 57.977165 14.098475 -5.299303
vt 0.631871 0.784560
vt 0.651502 0.784560
vt 0.631873 0.977756
vt 0.651504 0.977757
vn 0.000000 0.000000 -1.000000
vn 0.000000 0.000000 -1.000000
vn 0.000000 0.000000 -1.000000
vn 0.000000 0.000000 -1.000000
s off
g iron_chain_6pack2_low
usemtl main1
f 709/888/833 710/889/834 712/891/835 711/890/836
g default
v 57.307812 6.409535 -5.477722
v 58.506977 6.409535 -5.113225
v 57.307812 5.795273 -5.477722
v 58.506977 5.795273 -5.113225
vt 0.683037 0.829960
vt 0.981353 0.829975
vt 0.683029 0.976164
vt 0.981345 0.976180
vn 0.290822 0.000000 -0.956777
vn 0.290822 0.000000 -0.956777
vn 0.290822 0.000000 -0.956777
vn 0.290822 0.000000 -0.956777
s off
g bucket_handle_low
usemtl main1
f 713/892/837 714/893/838 716/895/839 715/894/840
g default
v 57.397440 5.823468 -5.458616
v 57.393822 5.821612 -5.449082
v 57.389982 5.816226 -5.439232
v 57.386943 5.807837 -5.431415
v 57.385670 5.797266 -5.428158
v 57.385278 5.788007 -5.427147
v 57.442630 5.823469 -5.443610
v 57.438250 5.821612 -5.431781
v 57.434414 5.816227 -5.421930
v 57.431371 5.807837 -5.414113
v 57.430102 5.797266 -5.410857
v 57.429710 5.788007 -5.409845
v 57.442634 5.839597 -5.443608
v 57.436544 5.837193 -5.427396
v 57.431168 5.830214 -5.413590
v 57.427396 5.819345 -5.403913
v 57.424659 5.805648 -5.396878
v 57.423564 5.788007 -5.394063
v 57.397440 5.839597 -5.458616
v 57.392112 5.837193 -5.444698
v 57.386736 5.830214 -5.430891
v 57.382964 5.819345 -5.421215
v 57.380230 5.805648 -5.414180
v 57.379285 5.788007 -5.411755
v 57.400242 5.821612 -5.468422
v 57.403058 5.816226 -5.478612
v 57.405299 5.807837 -5.486696
v 57.406231 5.797266 -5.490065
v 57.406522 5.788007 -5.491110
v 57.446197 5.821612 -5.455709
v 57.449013 5.816227 -5.465899
v 57.451255 5.807837 -5.473982
v 57.452179 5.797266 -5.477352
v 57.452478 5.788007 -5.478397
v 57.447458 5.837193 -5.460247
v 57.451401 5.830214 -5.474524
v 57.454169 5.819345 -5.484537
v 57.456179 5.805648 -5.491809
v 57.456992 5.788007 -5.494719
v 57.401494 5.837193 -5.472957
v 57.405446 5.830214 -5.487238
v 57.408213 5.819345 -5.497247
v 57.410231 5.805648 -5.504519
v 57.410922 5.788007 -5.507031
vt 0.625852 0.252562
vt 0.593615 0.252562
vt 0.560520 0.252562
vt 0.527428 0.252562
vt 0.496371 0.252562
vt 0.470367 0.252562
vt 0.506385 0.922197
vt 0.477534 0.933835
vt 0.445695 0.933836
vt 0.416843 0.922205
vt 0.394351 0.904404
vt 0.486865 0.252342
vt 0.529653 0.252342
vt 0.568931 0.252342
vt 0.609790 0.252342
vt 0.656465 0.252342
vt 0.523211 0.964493
vt 0.482884 0.977154
vt 0.440141 0.977154
vt 0.399613 0.964491
vt 0.361614 0.937139
vt 0.528677 0.904404
vt 0.506184 0.922205
vt 0.477332 0.933836
vt 0.445494 0.933835
vt 0.416643 0.922197
vt 0.394153 0.904396
vt 0.609790 0.385231
vt 0.656465 0.385231
vt 0.568931 0.385231
vt 0.529654 0.385231
vt 0.486865 0.385231
vt 0.399817 0.964494
vt 0.361614 0.937144
vt 0.440143 0.977154
vt 0.482886 0.977154
vt 0.523415 0.964491
vt 0.496371 0.385560
vt 0.470367 0.385560
vt 0.527428 0.385560
vt 0.560520 0.385560
vt 0.593615 0.385560
vt 0.444303 0.385231
vt 0.561414 0.937144
vt 0.561414 0.937139
vt 0.444303 0.252342
vt 0.625852 0.385560
vt 0.528875 0.904396
vt 0.593589 0.385495
vt 0.625823 0.385495
vt 0.625823 0.252627
vt 0.593589 0.252627
vt 0.560509 0.385495
vt 0.560509 0.252627
vt 0.527430 0.385495
vt 0.527430 0.252627
vt 0.496389 0.385495
vt 0.496389 0.252627
vt 0.470396 0.385495
vt 0.470396 0.252627
vt 0.416643 0.922197
vt 0.394153 0.904396
vt 0.361614 0.937139
vt 0.399613 0.964491
vt 0.445494 0.933835
vt 0.440141 0.977154
vt 0.477332 0.933836
vt 0.482884 0.977154
vt 0.506184 0.922205
vt 0.523211 0.964494
vt 0.528677 0.904404
vt 0.561414 0.937144
vt 0.613890 0.385167
vt 0.656457 0.385167
vt 0.656457 0.252406
vt 0.613890 0.252406
vt 0.571109 0.385167
vt 0.571109 0.252406
vt 0.531834 0.385167
vt 0.531834 0.252406
vt 0.490983 0.385167
vt 0.490983 0.252406
vt 0.444311 0.385167
vt 0.444311 0.252406
vt 0.399817 0.964494
vt 0.361614 0.937144
vt 0.394351 0.904404
vt 0.416843 0.922205
vt 0.440143 0.977154
vt 0.445695 0.933836
vt 0.482886 0.977154
vt 0.477534 0.933835
vt 0.523415 0.964491
vt 0.506385 0.922197
vt 0.561414 0.937139
vt 0.528875 0.904396
vn 0.111557 -0.949862 -0.292091
vn 0.003920 -0.999992 0.001314
vn 0.003922 -0.999992 0.001309
vn 0.111997 -0.949475 -0.293178
vn 0.213299 -0.809013 -0.547725
vn 0.213300 -0.809010 -0.547728
vn 0.307481 -0.531032 -0.789595
vn 0.307480 -0.531037 -0.789592
vn 0.353570 -0.224985 -0.907948
vn 0.353570 -0.224991 -0.907947
vn 0.360410 -0.116393 -0.925504
vn 0.360410 -0.116393 -0.925504
vn 0.934364 0.000811 0.356318
vn 0.949007 0.001662 0.315250
vn 0.949006 0.001662 0.315252
vn 0.934379 0.000817 0.356281
vn 0.931838 -0.000129 0.362876
vn 0.931840 -0.000139 0.362869
vn 0.931815 -0.000159 0.362934
vn 0.931812 -0.000122 0.362941
vn 0.931843 0.000207 0.362862
vn 0.931838 0.000087 0.362875
vn 0.931857 0.000534 0.362827
vn 0.931856 0.000534 0.362827
vn -0.103814 0.956751 0.271752
vn -0.003595 0.999993 -0.001221
vn -0.003598 0.999993 -0.001212
vn -0.103518 0.956991 0.271019
vn -0.209708 0.816088 0.538538
vn -0.209716 0.816073 0.538557
vn -0.293077 0.589629 0.752624
vn -0.293077 0.589629 0.752624
vn -0.346726 0.313829 0.883908
vn -0.346722 0.313856 0.883900
vn -0.362394 0.157315 0.918653
vn -0.362394 0.157315 0.918653
vn -0.932968 -0.000552 -0.359960
vn -0.949065 -0.001170 -0.315079
vn -0.949065 -0.001170 -0.315079
vn -0.932939 -0.000539 -0.360034
vn -0.931806 -0.000257 -0.362958
vn -0.931806 -0.000277 -0.362958
vn -0.931813 -0.000191 -0.362939
vn -0.931815 -0.000080 -0.362933
vn -0.931860 0.000157 -0.362818
vn -0.931873 0.000114 -0.362785
vn -0.931907 0.000000 -0.362697
vn -0.931907 0.000000 -0.362697
vn -0.085325 -0.949857 0.300818
vn -0.085617 -0.949476 0.301935
vn -0.156727 -0.808992 0.566541
vn -0.156731 -0.808982 0.566554
vn -0.225941 -0.531011 0.816687
vn -0.225943 -0.531003 0.816692
vn -0.259815 -0.225056 0.939066
vn -0.259816 -0.225042 0.939070
vn -0.264841 -0.116521 0.957226
vn -0.264841 -0.116521 0.957226
vn 0.961910 0.000751 0.273367
vn 0.961899 0.000755 0.273404
vn 0.963825 0.000069 0.266536
vn 0.963827 0.000064 0.266529
vn 0.963853 -0.000100 0.266434
vn 0.963841 -0.000044 0.266478
vn 0.963813 0.000297 0.266579
vn 0.963833 0.000154 0.266508
vn 0.963760 0.000684 0.266771
vn 0.963760 0.000684 0.266771
vn 0.079364 0.956743 -0.279899
vn 0.079161 0.956986 -0.279127
vn 0.154070 0.816077 -0.557028
vn 0.154078 0.816056 -0.557058
vn 0.215318 0.589603 -0.778464
vn 0.215317 0.589609 -0.778460
vn 0.250872 0.313818 -0.915741
vn 0.250870 0.313846 -0.915732
vn 0.259118 0.157403 -0.952934
vn 0.259118 0.157403 -0.952934
vn -0.962978 -0.000552 -0.269579
vn -0.962999 -0.000539 -0.269504
vn -0.963804 0.000000 -0.266612
vn -0.963803 0.000000 -0.266615
vn -0.963789 -0.000122 -0.266664
vn -0.963789 -0.000159 -0.266665
vn -0.963810 -0.000187 -0.266590
vn -0.963817 -0.000154 -0.266563
vn -0.963837 -0.000068 -0.266493
vn -0.963837 -0.000068 -0.266493
s 1
g bucket_handlelock_low
usemtl main1
f 718/897/841 717/896/842 723/942/843 724/937/844
f 719/898/845 718/897/841 724/937/844 725/936/846
f 720/899/847 719/898/845 725/936/846 726/935/848
f 721/900/849 720/899/847 726/935/848 727/933/850
f 722/901/851 721/900/849 727/933/850 728/934/852
s 2
f 724/902/853 723/943/854 729/940/855 730/932/856
f 725/903/857 724/902/853 730/932/856 731/931/858
f 726/904/859 725/903/857 731/931/858 732/930/860
f 727/905/861 726/904/859 732/930/860 733/928/862
f 728/906/863 727/905/861 733/928/862 734/929/864
s 3
f 730/907/865 729/941/866 735/938/867 736/927/868
f 731/908/869 730/907/865 736/927/868 737/926/870
f 732/909/871 731/908/869 737/926/870 738/925/872
f 733/910/873 732/909/871 738/925/872 739/923/874
f 734/911/875 733/910/873 739/923/874 740/924/876
s 4
f 736/912/877 735/939/878 717/917/879 718/918/880
f 737/913/881 736/912/877 718/918/880 719/919/882
f 738/914/883 737/913/881 719/919/882 720/920/884
f 739/915/885 738/914/883 720/920/884 721/921/886
f 740/916/887 739/915/885 721/921/886 722/922/888
s 1
f 741/944/889 746/947/890 723/946/843 717/945/842
f 742/948/891 747/949/892 746/947/890 741/944/889
f 743/950/893 748/951/894 747/949/892 742/948/891
f 744/952/895 749/953/896 748/951/894 743/950/893
f 745/954/897 750/955/898 749/953/896 744/952/895
s 2
f 746/956/899 751/959/900 729/958/855 723/957/854
f 747/960/901 752/961/902 751/959/900 746/956/899
f 748/962/903 753/963/904 752/961/902 747/960/901
f 749/964/905 754/965/906 753/963/904 748/962/903
f 750/966/907 755/967/908 754/965/906 749/964/905
s 3
f 751/968/909 756/971/910 735/970/867 729/969/866
f 752/972/911 757/973/912 756/971/910 751/968/909
f 753/974/913 758/975/914 757/973/912 752/972/911
f 754/976/915 759/977/916 758/975/914 753/974/913
f 755/978/917 760/979/918 759/977/916 754/976/915
s 4
f 756/980/919 741/983/920 717/982/879 735/981/878
f 757/984/921 742/985/922 741/983/920 756/980/919
f 758/986/923 743/987/924 742/985/922 757/984/921
f 759/988/925 744/989/926 743/987/924 758/986/923
f 760/990/927 745/991/928 744/989/926 759/988/925
g default
v 57.478874 4.703078 -4.842957
v 58.381481 4.703078 -4.842957
v 57.478874 4.703078 -5.745147
v 58.381481 4.703078 -5.745147
vt 0.474341 0.010173
vt 0.689176 0.010148
vt 0.474366 0.224910
vt 0.689201 0.224885
vn 0.000000 1.000000 0.000000
vn 0.000000 1.000000 0.000000
vn 0.000000 1.000000 0.000000
vn 0.000000 1.000000 0.000000
s off
g bucket_dno_low
usemtl main1
f 761/992/929 762/993/930 764/995/931 763/994/932
g default
v 57.894363 15.546935 -5.380125
v 57.894363 15.546935 -5.219753
v 57.894363 13.961941 -5.380125
v 57.894363 13.961941 -5.219753
vt 0.598424 0.785967
vt 0.618000 0.785964
vt 0.598459 0.979445
vt 0.618035 0.979442
vn 1.000000 0.000000 0.000000
vn 1.000000 0.000000 0.000000
vn 1.000000 0.000000 0.000000
vn 1.000000 0.000000 0.000000
s off
g iron_chain_6pack1_low
usemtl main1
f 765/996/933 766/997/934 768/999/935 767/998/936
g default
v 57.897072 15.837671 -5.408818
v 57.897072 15.837671 -5.189153
v 57.897072 15.589088 -5.408818
v 57.897072 15.589088 -5.189153
vt 0.518248 0.748026
vt 0.545061 0.748030
vt 0.518242 0.778370
vt 0.545057 0.778374
vn 1.000000 0.000000 0.000000
vn 1.000000 0.000000 0.000000
vn 1.000000 0.000000 0.000000
vn 1.000000 0.000000 0.000000
s off
g iron_ring_low
usemtl main1
f 769/1000/937 770/1001/938 772/1003/939 771/1002/940
g default
v 59.875225 2.997353 -3.584924
v 59.698898 2.821026 -3.585741
v 59.458035 2.756486 -3.586856
v 59.217171 2.821026 -3.587971
v 59.040848 2.997353 -3.588788
v 58.976307 3.238218 -3.589087
v 59.040848 3.479084 -3.588788
v 59.217171 3.655411 -3.587971
v 59.458035 3.719951 -3.586856
v 59.698898 3.655411 -3.585741
v 59.875225 3.479084 -3.584924
v 59.939762 3.238218 -3.584625
v 59.898415 2.997353 -8.603583
v 59.722088 2.821026 -8.604400
v 59.481224 2.756486 -8.605515
v 59.240360 2.821026 -8.606630
v 59.064037 2.997353 -8.607447
v 58.999496 3.238219 -8.607746
v 59.064037 3.479084 -8.607447
v 59.240360 3.655410 -8.606632
v 59.481224 3.719950 -8.605515
v 59.722088 3.655410 -8.604400
v 59.898415 3.479085 -8.603583
v 59.962952 3.238218 -8.603284
vt 0.377279 0.419762
vt 0.387653 0.419763
vt 0.398026 0.419763
vt 0.283919 0.419762
vt 0.294292 0.419762
vt 0.304666 0.419762
vt 0.315039 0.419762
vt 0.325412 0.419762
vt 0.335786 0.419762
vt 0.346159 0.419762
vt 0.356532 0.419762
vt 0.366906 0.419762
vt 0.377278 0.628538
vt 0.387651 0.628538
vt 0.273544 0.628538
vt 0.283918 0.628538
vt 0.294291 0.628538
vt 0.304664 0.628538
vt 0.315038 0.628538
vt 0.325411 0.628538
vt 0.335784 0.628538
vt 0.346158 0.628538
vt 0.356531 0.628538
vt 0.366905 0.628538
vt 0.273545 0.419762
vt 0.398025 0.628538
vn 0.866033 -0.499971 0.004002
vn 0.499978 -0.866035 0.002310
vn 0.866010 -0.500010 0.004002
vn 0.500007 -0.866018 0.002310
vn 0.000002 -1.000000 -0.000000
vn -0.000000 -1.000000 0.000000
vn -0.499986 -0.866030 -0.002310
vn -0.500014 -0.866014 -0.002310
vn -0.866012 -0.500008 -0.004001
vn -0.866029 -0.499978 -0.004002
vn -0.999989 -0.000025 -0.004621
vn -0.999989 0.000024 -0.004621
vn -0.866044 0.499953 -0.004002
vn -0.865991 0.500044 -0.004001
vn -0.500018 0.866012 -0.002311
vn -0.499992 0.866027 -0.002310
vn 0.000002 1.000000 -0.000000
vn -0.000003 1.000000 -0.000000
vn 0.499989 0.866029 0.002310
vn 0.499995 0.866025 0.002310
vn 0.866002 0.500025 0.004001
vn 0.866032 0.499972 0.004002
vn 0.999989 0.000074 0.004621
vn 0.999989 -0.000048 0.004621
s 1
g well_log_low2
usemtl main1
f 773/1004/941 774/1005/942 785/1016/943
f 785/1016/943 774/1005/942 786/1017/944
f 774/1005/942 775/1006/945 786/1017/944
f 786/1017/944 775/1006/945 787/1029/946
f 775/1028/945 776/1007/947 787/1018/946
f 787/1018/946 776/1007/947 788/1019/948
f 776/1007/947 777/1008/949 788/1019/948
f 788/1019/948 777/1008/949 789/1020/950
f 777/1008/949 778/1009/951 789/1020/950
f 789/1020/950 778/1009/951 790/1021/952
f 778/1009/951 779/1010/953 790/1021/952
f 790/1021/952 779/1010/953 791/1022/954
f 779/1010/953 780/1011/955 791/1022/954
f 791/1022/954 780/1011/955 792/1023/956
f 780/1011/955 781/1012/957 792/1023/956
f 792/1023/956 781/1012/957 793/1024/958
f 781/1012/957 782/1013/959 793/1024/958
f 793/1024/958 782/1013/959 794/1025/960
f 782/1013/959 783/1014/961 794/1025/960
f 794/1025/960 783/1014/961 795/1026/962
f 783/1014/961 784/1015/963 795/1026/962
f 795/1026/962 784/1015/963 796/1027/964
f 784/1015/963 773/1004/941 796/1027/964
f 796/1027/964 773/1004/941 785/1016/943
g default
v 59.880558 2.037032 -3.591406
v 59.701881 1.858356 -3.591717
v 59.457806 1.792955 -3.592141
v 59.213726 1.858356 -3.592566
v 59.035053 2.037032 -3.592876
v 58.969650 2.281108 -3.592990
v 59.035053 2.525185 -3.592876
v 59.213726 2.703861 -3.592566
v 59.457806 2.769261 -3.592141
v 59.701881 2.703861 -3.591716
v 59.880558 2.525185 -3.591405
v 59.945957 2.281108 -3.591292
v 59.839294 2.042277 -8.586731
v 59.664455 1.867440 -8.587035
v 59.425625 1.803445 -8.587451
v 59.186794 1.867439 -8.587867
v 59.011955 2.042277 -8.588171
v 58.947960 2.281109 -8.588282
v 59.011955 2.519940 -8.588171
v 59.186794 2.694777 -8.587867
v 59.425625 2.758772 -8.587451
v 59.664455 2.694777 -8.587036
v 59.839294 2.519940 -8.586732
v 59.903290 2.281108 -8.586620
vt 0.236026 0.433732
vt 0.246398 0.433846
vt 0.256771 0.433993
vt 0.142666 0.433977
vt 0.153040 0.433989
vt 0.163413 0.433975
vt 0.173786 0.433928
vt 0.184160 0.433855
vt 0.194533 0.433770
vt 0.204906 0.433697
vt 0.215279 0.433657
vt 0.225652 0.433667
vt 0.235069 0.638806
vt 0.245219 0.638918
vt 0.133566 0.639023
vt 0.143716 0.639046
vt 0.153867 0.639058
vt 0.164017 0.639044
vt 0.174167 0.638998
vt 0.184318 0.638927
vt 0.194468 0.638844
vt 0.204618 0.638773
vt 0.214768 0.638733
vt 0.224919 0.638743
vt 0.132293 0.433953
vt 0.255368 0.639062
vn 0.866293 -0.499478 -0.007680
vn 0.500944 -0.865463 -0.005327
vn 0.865606 -0.500668 -0.007676
vn 0.498907 -0.866639 -0.005314
vn 0.001262 -0.999997 -0.002108
vn -0.001438 -0.999997 -0.002091
vn -0.499069 -0.866562 0.001115
vn -0.501109 -0.865384 0.001128
vn -0.865717 -0.500521 0.003477
vn -0.866413 -0.499316 0.003482
vn -0.999991 0.000091 0.004342
vn -0.999991 0.000095 0.004342
vn -0.865648 0.500641 0.003477
vn -0.866296 0.499518 0.003481
vn -0.498922 0.866646 0.001114
vn -0.500922 0.865492 0.001127
vn 0.001443 0.999997 -0.002109
vn -0.001253 0.999997 -0.002092
vn 0.501080 0.865384 -0.005328
vn 0.499080 0.866539 -0.005315
vn 0.866384 0.499319 -0.007681
vn 0.865714 0.500481 -0.007676
vn 0.999964 -0.000115 -0.008541
vn 0.999964 -0.000097 -0.008541
s 1
g well_log_low1
usemtl main1
f 797/1030/965 798/1031/966 809/1042/967
f 809/1042/967 798/1031/966 810/1043/968
f 798/1031/966 799/1032/969 810/1043/968
f 810/1043/968 799/1032/969 811/1055/970
f 799/1054/969 800/1033/971 811/1044/970
f 811/1044/970 800/1033/971 812/1045/972
f 800/1033/971 801/1034/973 812/1045/972
f 812/1045/972 801/1034/973 813/1046/974
f 801/1034/973 802/1035/975 813/1046/974
f 813/1046/974 802/1035/975 814/1047/976
f 802/1035/975 803/1036/977 814/1047/976
f 814/1047/976 803/1036/977 815/1048/978
f 803/1036/977 804/1037/979 815/1048/978
f 815/1048/978 804/1037/979 816/1049/980
f 804/1037/979 805/1038/981 816/1049/980
f 816/1049/980 805/1038/981 817/1050/982
f 805/1038/981 806/1039/983 817/1050/982
f 817/1050/982 806/1039/983 818/1051/984
f 806/1039/983 807/1040/985 818/1051/984
f 818/1051/984 807/1040/985 819/1052/986
f 807/1040/985 808/1041/987 819/1052/986
f 819/1052/986 808/1041/987 820/1053/988
f 808/1041/987 797/1030/965 820/1053/988
f 820/1053/988 797/1030/965 809/1042/967
g default
v 58.192211 8.568933 21.081963
v 58.074162 8.454748 21.051985
v 57.912907 8.412954 21.041014
v 57.751656 8.454748 21.051985
v 57.633606 8.568933 21.081963
v 57.590397 8.724896 21.122904
v 57.633606 8.880869 21.163845
v 57.751656 8.995047 21.193817
v 57.912907 9.036836 21.204792
v 58.074162 8.995047 21.193817
v 58.192211 8.880869 21.163845
v 58.235420 8.724896 21.122904
v 58.190765 9.402808 17.812305
v 58.072853 9.288762 17.782360
v 57.911785 9.247019 17.771406
v 57.750721 9.288762 17.782360
v 57.632809 9.402808 17.812305
v 57.589649 9.558599 17.853199
v 57.632809 9.714391 17.894096
v 57.750721 9.828435 17.924034
v 57.911785 9.870181 17.934992
v 58.072853 9.828435 17.924034
v 58.190765 9.714391 17.894096
v 58.233929 9.558599 17.853199
v 58.186028 10.202975 15.467279
v 58.069054 10.089832 15.437575
v 57.909260 10.048413 15.426702
v 57.749470 10.089832 15.437575
v 57.632488 10.202975 15.467279
v 57.589672 10.357529 15.507849
v 57.632488 10.512086 15.548421
v 57.749470 10.625229 15.578123
v 57.909260 10.666643 15.588992
v 58.069054 10.625229 15.578123
v 58.186028 10.512086 15.548421
v 58.228851 10.357529 15.507849
v 58.185909 10.667184 14.112980
v 58.069862 10.554951 14.083511
v 57.911346 10.513859 14.072730
v 57.752831 10.554951 14.083511
v 57.636780 10.667184 14.112980
v 57.594307 10.820509 14.153229
v 57.636780 10.973830 14.193474
v 57.752831 11.086072 14.222939
v 57.911346 11.127155 14.233726
v 58.069862 11.086072 14.222939
v 58.185909 10.973830 14.193474
v 58.228386 10.820509 14.153229
v 58.178070 11.036952 12.849073
v 58.064014 10.926640 12.820110
v 57.908215 10.886261 12.809515
v 57.752422 10.926640 12.820110
v 57.638367 11.036952 12.849073
v 57.596619 11.187649 12.888629
v 57.638367 11.338340 12.928185
v 57.752422 11.448654 12.957146
v 57.908215 11.489035 12.967749
v 58.064014 11.448654 12.957146
v 58.178070 11.338340 12.928185
v 58.219818 11.187649 12.888629
v 58.155811 11.896103 9.869799
v 58.051163 11.794886 9.843219
v 57.908215 11.757841 9.833498
v 57.765270 11.794886 9.843219
v 57.660622 11.896103 9.869799
v 57.622318 12.034367 9.906088
v 57.660622 12.172630 9.942387
v 57.765270 12.273844 9.968954
v 57.908215 12.310892 9.978683
v 58.051163 12.273844 9.968954
v 58.155811 12.172630 9.942387
v 58.194118 12.034367 9.906088
v 58.144901 12.313574 8.591642
v 58.044861 12.216818 8.566237
v 57.908215 12.181404 8.556944
v 57.771576 12.216818 8.566237
v 57.671535 12.313574 8.591642
v 57.634918 12.445745 8.626334
v 57.671535 12.577917 8.661034
v 57.771576 12.674665 8.686430
v 57.908215 12.710087 8.695730
v 58.044861 12.674665 8.686430
v 58.144901 12.577917 8.661034
v 58.181519 12.445745 8.626334
v 58.124924 12.825897 6.819449
v 58.032448 12.736454 6.795967
v 57.906128 12.703716 6.787377
v 57.779819 12.736454 6.795967
v 57.687340 12.825897 6.819449
v 57.653488 12.948074 6.851521
v 57.687340 13.070259 6.883594
v 57.779819 13.159700 6.907075
v 57.906128 13.192440 6.915672
v 58.032448 13.159700 6.907075
v 58.124924 13.070259 6.883594
v 58.158783 12.948074 6.851521
v 58.103985 13.263748 4.897612
v 58.019917 13.182442 4.876264
v 57.905087 13.152679 4.868451
v 57.790257 13.182442 4.876264
v 57.706192 13.263748 4.897612
v 57.675419 13.374821 4.926764
v 57.706192 13.485889 4.955921
v 57.790257 13.567200 4.977265
v 57.905087 13.596958 4.985080
v 58.019917 13.567200 4.977265
v 58.103985 13.485889 4.955921
v 58.134769 13.374821 4.926764
v 58.085106 13.651711 3.264735
v 58.008141 13.577267 3.245184
v 57.902996 13.550018 3.238033
v 57.797867 13.577267 3.245184
v 57.720898 13.651711 3.264735
v 57.692722 13.753403 3.291424
v 57.720898 13.855099 3.318121
v 57.797867 13.929543 3.337662
v 57.902996 13.956787 3.344818
v 58.008141 13.929543 3.337662
v 58.085106 13.855099 3.318121
v 58.113285 13.753403 3.291424
v 58.060970 14.201313 1.331208
v 57.993763 14.136311 1.314143
v 57.901955 14.112522 1.307901
v 57.810154 14.136311 1.314143
v 57.742943 14.201313 1.331208
v 57.718346 14.290112 1.354517
v 57.742943 14.378914 1.377827
v 57.810154 14.443920 1.394892
v 57.901955 14.467709 1.401142
v 57.993763 14.443920 1.394892
v 58.060970 14.378914 1.377827
v 58.085583 14.290112 1.354517
v 58.037674 14.692558 -0.426619
v 57.980297 14.637062 -0.441187
v 57.901913 14.616749 -0.446520
v 57.823544 14.637062 -0.441187
v 57.766163 14.692558 -0.426619
v 57.745163 14.768372 -0.406719
v 57.766163 14.844181 -0.386821
v 57.823544 14.899677 -0.372250
v 57.901913 14.919991 -0.366915
v 57.980297 14.899677 -0.372250
v 58.037674 14.844181 -0.386821
v 58.058689 14.768372 -0.406719
v 58.020363 15.136826 -1.865536
v 57.969879 15.088001 -1.878358
v 57.900913 15.070129 -1.883049
v 57.831966 15.088001 -1.878358
v 57.781483 15.136826 -1.865536
v 57.763012 15.203526 -1.848034
v 57.781483 15.270226 -1.830527
v 57.831966 15.319050 -1.817710
v 57.900913 15.336926 -1.813012
v 57.969879 15.319050 -1.817710
v 58.020363 15.270226 -1.830527
v 58.038849 15.203526 -1.848034
v 58.013237 15.340973 -2.492522
v 57.966206 15.295490 -2.504467
v 57.901955 15.278843 -2.508837
v 57.837734 15.295490 -2.504467
v 57.790703 15.340973 -2.492522
v 57.773499 15.403111 -2.476220
v 57.790703 15.465244 -2.459911
v 57.837734 15.510731 -2.447968
v 57.901955 15.527378 -2.443593
v 57.966206 15.510731 -2.447968
v 58.013237 15.465244 -2.459911
v 58.030449 15.403111 -2.476220
v 57.995960 15.696236 -4.016814
v 57.955227 15.656845 -4.027160
v 57.899578 15.642426 -4.030945
v 57.843956 15.656845 -4.027160
v 57.803219 15.696236 -4.016814
v 57.788311 15.750061 -4.002689
v 57.803219 15.803879 -3.988567
v 57.843956 15.843269 -3.978226
v 57.899578 15.857689 -3.974436
v 57.955227 15.843269 -3.978226
v 57.995960 15.803879 -3.988567
v 58.010876 15.750061 -4.002689
v 57.986153 15.911537 -5.390273
v 57.948898 15.874283 -5.390143
v 57.898003 15.860649 -5.390098
v 57.847122 15.874283 -5.390143
v 57.809864 15.911537 -5.390273
v 57.796230 15.962433 -5.390463
v 57.809864 16.013321 -5.390645
v 57.847122 16.050575 -5.390774
v 57.898003 16.064217 -5.390817
v 57.948898 16.050575 -5.390774
v 57.986153 16.013321 -5.390645
v 57.999798 15.962433 -5.390463
v 58.003773 15.528191 -3.252151
v 57.959892 15.485748 -3.263298
v 57.899944 15.470215 -3.267376
v 57.840019 15.485748 -3.263298
v 57.796135 15.528191 -3.252151
v 57.780087 15.586170 -3.236941
v 57.796135 15.644146 -3.221722
v 57.840019 15.686584 -3.210578
v 57.899944 15.702122 -3.206497
v 57.959892 15.686584 -3.210578
v 58.003773 15.644146 -3.221722
v 58.019844 15.586170 -3.236941
v 58.095917 13.446255 4.078159
v 58.015404 13.368378 4.057710
v 57.905415 13.339874 4.050231
v 57.795437 13.368378 4.057710
v 57.714916 13.446255 4.078159
v 57.685444 13.552635 4.106080
v 57.714916 13.659019 4.134007
v 57.795437 13.736897 4.154451
v 57.905415 13.765400 4.161938
v 58.015404 13.736897 4.154451
v 58.095917 13.659019 4.134007
v 58.125401 13.552635 4.106080
v 58.188179 9.773574 16.632095
v 58.070736 9.659979 16.602272
v 57.910301 9.618399 16.591356
v 57.749878 9.659979 16.602272
v 57.632427 9.773574 16.632095
v 57.589439 9.928745 16.672829
v 57.632427 10.083921 16.713560
v 57.749878 10.197515 16.743382
v 57.910301 10.239095 16.754297
v 58.070736 10.197515 16.743382
v 58.188179 10.083921 16.713560
v 58.231171 9.928745 16.672829
v 58.164917 11.510216 11.079600
v 58.056419 11.405277 11.052048
v 57.908215 11.366867 11.041967
v 57.760017 11.405277 11.052048
v 57.651516 11.510216 11.079600
v 57.611805 11.653564 11.117226
v 57.651516 11.796913 11.154857
v 57.760017 11.901852 11.182404
v 57.908215 11.940262 11.192490
v 58.056419 11.901852 11.182404
v 58.164917 11.796913 11.154857
v 58.204632 11.653564 11.117226
vt 0.109581 0.752371
vt 0.109513 0.752420
vt 0.099477 0.536032
vt 0.109581 0.536032
vt 0.119632 0.535699
vt 0.109513 0.535699
vt 0.099370 0.535699
vt 0.089223 0.535699
vt 0.079077 0.535699
vt 0.068959 0.535699
vt 0.058798 0.536032
vt 0.069172 0.536032
vt 0.079271 0.536032
vt 0.089374 0.536032
vt 0.099477 0.377230
vt 0.109581 0.377230
vt 0.119681 0.377230
vt 0.109513 0.377212
vt 0.099370 0.377212
vt 0.089223 0.377212
vt 0.079077 0.377212
vt 0.068959 0.377212
vt 0.058847 0.377212
vt 0.069172 0.377230
vt 0.079271 0.377230
vt 0.089374 0.377230
vt 0.099477 0.285511
vt 0.109581 0.285511
vt 0.119632 0.285626
vt 0.109513 0.285626
vt 0.099370 0.285626
vt 0.089223 0.285626
vt 0.079077 0.285626
vt 0.068959 0.285626
vt 0.058798 0.285511
vt 0.069172 0.285511
vt 0.079271 0.285511
vt 0.089374 0.285511
vt 0.099477 0.201111
vt 0.109581 0.201111
vt 0.119632 0.201156
vt 0.109513 0.201156
vt 0.099370 0.201156
vt 0.089223 0.201156
vt 0.079077 0.201156
vt 0.068959 0.201156
vt 0.058798 0.201111
vt 0.069172 0.201111
vt 0.079271 0.201111
vt 0.089374 0.201111
vt 0.099477 0.002278
vt 0.109581 0.002278
vt 0.119681 0.002278
vt 0.109513 0.002229
vt 0.099370 0.002229
vt 0.089223 0.002229
vt 0.079077 0.002229
vt 0.068959 0.002229
vt 0.058847 0.002229
vt 0.069172 0.002278
vt 0.079271 0.002278
vt 0.089374 0.002278
vt 0.019946 0.087471
vt 0.013670 0.087471
vt 0.007255 0.087339
vt 0.013622 0.087339
vt 0.020027 0.087339
vt 0.026952 0.087339
vt 0.033407 0.087339
vt 0.039550 0.087339
vt 0.045601 0.087471
vt 0.039459 0.087471
vt 0.033383 0.087471
vt 0.026213 0.087471
vt 0.019946 0.203398
vt 0.013670 0.203398
vt 0.007255 0.203327
vt 0.013622 0.203327
vt 0.020027 0.203327
vt 0.026952 0.203327
vt 0.033407 0.203327
vt 0.039550 0.203327
vt 0.045601 0.203398
vt 0.039459 0.203398
vt 0.033383 0.203398
vt 0.026213 0.203398
vt 0.019946 0.327300
vt 0.013670 0.327300
vt 0.007255 0.327259
vt 0.013622 0.327259
vt 0.020027 0.327259
vt 0.026952 0.327259
vt 0.033407 0.327259
vt 0.039550 0.327259
vt 0.045601 0.327300
vt 0.039459 0.327300
vt 0.033383 0.327300
vt 0.026213 0.327300
vt 0.019946 0.432814
vt 0.013670 0.432814
vt 0.007372 0.432814
vt 0.013622 0.432768
vt 0.020027 0.432768
vt 0.026952 0.432768
vt 0.033407 0.432768
vt 0.039550 0.432768
vt 0.045718 0.432768
vt 0.039459 0.432814
vt 0.033383 0.432814
vt 0.026213 0.432814
vt 0.019946 0.559153
vt 0.013670 0.559153
vt 0.007255 0.559147
vt 0.013622 0.559147
vt 0.020027 0.559147
vt 0.026952 0.559147
vt 0.033407 0.559147
vt 0.039550 0.559147
vt 0.045601 0.559153
vt 0.039459 0.559153
vt 0.033383 0.559153
vt 0.026213 0.559153
vt 0.019946 0.673879
vt 0.013670 0.673879
vt 0.007255 0.673906
vt 0.013622 0.673906
vt 0.020027 0.673906
vt 0.026952 0.673906
vt 0.033407 0.673906
vt 0.039550 0.673906
vt 0.045601 0.673879
vt 0.039459 0.673879
vt 0.033383 0.673879
vt 0.026213 0.673879
vt 0.019946 0.768502
vt 0.013670 0.768502
vt 0.007255 0.768550
vt 0.013622 0.768550
vt 0.020027 0.768550
vt 0.026952 0.768550
vt 0.033407 0.768550
vt 0.039550 0.768550
vt 0.045601 0.768502
vt 0.039459 0.768502
vt 0.033383 0.768502
vt 0.026213 0.768502
vt 0.019946 0.809907
vt 0.013670 0.809907
vt 0.007255 0.809975
vt 0.013622 0.809975
vt 0.020027 0.809975
vt 0.026952 0.809975
vt 0.033407 0.809975
vt 0.039550 0.809975
vt 0.045601 0.809907
vt 0.039459 0.809907
vt 0.033383 0.809907
vt 0.026213 0.809907
vt 0.019946 0.908324
vt 0.013670 0.908324
vt 0.007372 0.908324
vt 0.013622 0.908409
vt 0.020027 0.908409
vt 0.026952 0.908409
vt 0.033407 0.908409
vt 0.039550 0.908409
vt 0.045718 0.908409
vt 0.039459 0.908324
vt 0.033383 0.908324
vt 0.026213 0.908324
vt 0.013670 0.996453
vt 0.007255 0.996483
vt 0.013622 0.996483
vt 0.020027 0.996483
vt 0.026952 0.996483
vt 0.033407 0.996483
vt 0.039550 0.996483
vt 0.045601 0.996453
vt 0.039459 0.996453
vt 0.033383 0.996453
vt 0.026213 0.996453
vt 0.019946 0.859092
vt 0.013670 0.859092
vt 0.007255 0.859175
vt 0.013622 0.859175
vt 0.020027 0.859175
vt 0.026952 0.859175
vt 0.033407 0.859175
vt 0.039550 0.859175
vt 0.045601 0.859092
vt 0.039459 0.859092
vt 0.033383 0.859092
vt 0.026213 0.859092
vt 0.019946 0.380076
vt 0.013670 0.380076
vt 0.007255 0.380034
vt 0.013622 0.380034
vt 0.020027 0.380034
vt 0.026952 0.380034
vt 0.033407 0.380034
vt 0.039550 0.380034
vt 0.045601 0.380076
vt 0.039459 0.380076
vt 0.033383 0.380076
vt 0.026213 0.380076
vt 0.019946 0.996453
vt 0.119681 0.752371
vt 0.089374 0.752371
vt 0.099477 0.752371
vt 0.079271 0.752371
vt 0.069172 0.752371
vt 0.058847 0.752420
vt 0.068959 0.752420
vt 0.079077 0.752420
vt 0.089223 0.752420
vt 0.099370 0.752420
vt 0.099477 0.456711
vt 0.109581 0.456711
vt 0.119632 0.456485
vt 0.109513 0.456485
vt 0.099370 0.456485
vt 0.089223 0.456485
vt 0.079077 0.456485
vt 0.068959 0.456485
vt 0.058798 0.456711
vt 0.069172 0.456711
vt 0.079271 0.456711
vt 0.089374 0.456711
vt 0.099477 0.083661
vt 0.109581 0.083661
vt 0.119632 0.083546
vt 0.109513 0.083546
vt 0.099370 0.083546
vt 0.089223 0.083546
vt 0.079077 0.083546
vt 0.068959 0.083546
vt 0.058798 0.083661
vt 0.069172 0.083661
vt 0.079271 0.083661
vt 0.089374 0.083661
vt 0.058847 0.083546
vt 0.045718 0.002849
vt 0.045601 0.003017
vt 0.058798 0.002278
vt 0.058847 0.456485
vt 0.058798 0.377230
vt 0.045718 0.380034
vt 0.045601 0.432814
vt 0.045718 0.859175
vt 0.045601 0.908324
vt 0.045718 0.996483
vt 0.045718 0.809975
vt 0.045718 0.768550
vt 0.045718 0.673906
vt 0.045718 0.559147
vt 0.045718 0.327259
vt 0.045718 0.203327
vt 0.045718 0.087339
vt 0.026213 0.003017
vt 0.019946 0.003017
vt 0.033383 0.003017
vt 0.039459 0.003017
vt 0.039550 0.002849
vt 0.058847 0.201156
vt 0.033407 0.002849
vt 0.026952 0.002849
vt 0.020027 0.002849
vt 0.013622 0.002849
vt 0.007372 0.003017
vt 0.013670 0.003017
vt 0.058847 0.285626
vt 0.058847 0.535699
vt 0.058798 0.752371
vt 0.119681 0.083661
vt 0.007255 0.002849
vt 0.119632 0.002229
vt 0.119681 0.456711
vt 0.119632 0.377212
vt 0.007372 0.380076
vt 0.007255 0.432768
vt 0.007372 0.859092
vt 0.007255 0.908409
vt 0.007372 0.996453
vt 0.007372 0.809907
vt 0.007372 0.768502
vt 0.007372 0.673879
vt 0.007372 0.559153
vt 0.007372 0.327300
vt 0.007372 0.203398
vt 0.007372 0.087471
vt 0.119681 0.201111
vt 0.119681 0.285511
vt 0.119681 0.536032
vt 0.119632 0.752420
vn 0.864744 -0.484560 -0.131980
vn 0.866541 -0.483533 -0.123706
vn 0.500545 -0.838803 -0.214160
vn 0.498728 -0.836534 -0.226894
vn 0.000055 -0.968970 -0.247180
vn 0.000013 -0.965235 -0.261383
vn -0.500470 -0.838926 -0.213851
vn -0.498721 -0.836683 -0.226362
vn -0.866508 -0.483732 -0.123158
vn -0.864741 -0.484819 -0.131045
vn -0.999999 0.001070 0.000502
vn -0.999996 -0.002862 -0.000632
vn -0.865503 0.485330 0.123934
vn -0.867281 0.480523 0.130085
vn -0.499447 0.839471 0.214106
vn -0.501250 0.835293 0.225905
vn 0.000054 0.969024 0.246967
vn 0.000012 0.965384 0.260832
vn 0.499518 0.839514 0.213772
vn 0.501261 0.835437 0.225349
vn 0.865527 0.485431 0.123367
vn 0.867287 0.480769 0.129130
vn 0.999999 0.001241 -0.000141
vn 0.999995 -0.002577 -0.001724
vn 0.863644 -0.476519 -0.164463
vn 0.497247 -0.820833 -0.281031
vn 0.498926 -0.816530 -0.290433
vn 0.865589 -0.471712 -0.168058
vn -0.000031 -0.946366 -0.323096
vn -0.000192 -0.942155 -0.335176
vn -0.497325 -0.821117 -0.280061
vn -0.499197 -0.816263 -0.290719
vn -0.863721 -0.476965 -0.162761
vn -0.865660 -0.471380 -0.168621
vn -0.999992 -0.003715 -0.001580
vn -0.999998 0.001330 -0.001283
vn -0.867209 0.471448 0.160269
vn -0.864950 0.473658 0.165860
vn -0.500793 0.819469 0.278706
vn -0.498479 0.817788 0.287649
vn -0.000029 0.946842 0.321699
vn -0.000192 0.943216 0.332180
vn 0.500782 0.819804 0.277739
vn 0.498179 0.817813 0.288095
vn 0.867243 0.471960 0.158566
vn 0.864830 0.473624 0.166584
vn 0.999988 -0.003210 -0.003560
vn 0.999999 0.001130 -0.000534
vn 0.501512 -0.823721 -0.264516
vn 0.867573 -0.473098 -0.153279
vn 0.000312 -0.952287 -0.305204
vn -0.501054 -0.824079 -0.264270
vn -0.867434 -0.473517 -0.152773
vn -0.999989 0.004626 -0.000989
vn -0.863874 0.480889 0.149895
vn -0.497512 0.827723 0.259533
vn 0.000312 0.954153 0.299318
vn 0.497987 0.827580 0.259077
vn 0.864040 0.480812 0.149179
vn 0.999987 0.004830 -0.001696
vn 0.500568 -0.832898 -0.236036
vn 0.866667 -0.479068 -0.139221
vn -0.000166 -0.962547 -0.271116
vn -0.500826 -0.833034 -0.235007
vn -0.866775 -0.479375 -0.137479
vn -0.999984 0.003093 -0.004828
vn -0.865293 0.484831 0.127310
vn -0.499362 0.837037 0.223621
vn -0.000169 0.966010 0.258504
vn 0.499108 0.837436 0.222691
vn 0.865204 0.485420 0.125659
vn 0.999970 0.003618 -0.006789
vn 0.864528 -0.481213 -0.145001
vn 0.498499 -0.831775 -0.244232
vn 0.499032 -0.823136 -0.270952
vn 0.865240 -0.475038 -0.160310
vn -0.000001 -0.959864 -0.280467
vn -0.000003 -0.950290 -0.311365
vn -0.498495 -0.831779 -0.244227
vn -0.499038 -0.823132 -0.270953
vn -0.864533 -0.481204 -0.145000
vn -0.865242 -0.475034 -0.160308
vn -0.999960 -0.000847 -0.008951
vn -0.999960 0.001682 -0.008759
vn -0.867352 0.481052 0.127631
vn -0.866148 0.478898 0.142983
vn -0.501327 0.834699 0.227925
vn -0.499942 0.827973 0.254005
vn 0.000001 0.964332 0.264697
vn 0.000000 0.955618 0.294608
vn 0.501320 0.834702 0.227926
vn 0.499936 0.827976 0.254008
vn 0.867351 0.481055 0.127631
vn 0.866145 0.478903 0.142985
vn 0.999960 -0.000851 -0.008952
vn 0.999960 0.001682 -0.008759
vn 0.500582 -0.826087 -0.258841
vn 0.866606 -0.474743 -0.153664
vn 0.000104 -0.954831 -0.297151
vn -0.500442 -0.826354 -0.258257
vn -0.866585 -0.475116 -0.152631
vn -0.999952 0.004490 -0.008738
vn -0.865034 0.483312 0.134635
vn -0.498900 0.833024 0.239102
vn 0.000104 0.960859 0.277037
vn 0.499065 0.833107 0.238469
vn 0.865086 0.483520 0.133544
vn 0.999939 0.004808 -0.009968
vn 0.502001 -0.835571 -0.223196
vn 0.867999 -0.478327 -0.133345
vn -0.000052 -0.966717 -0.255850
vn -0.502077 -0.835747 -0.222364
vn -0.868043 -0.478641 -0.131925
vn -0.999932 0.007290 -0.009133
vn -0.863859 0.490920 0.112896
vn -0.497893 0.843468 0.201653
vn -0.000053 0.972289 0.233784
vn 0.497809 0.843705 0.200869
vn 0.863804 0.491332 0.111520
vn 0.999913 0.007717 -0.010745
vn 0.864859 -0.487572 -0.119549
vn 0.498714 -0.843869 -0.197913
vn -0.000083 -0.974025 -0.226440
vn -0.498839 -0.843859 -0.197641
vn -0.864906 -0.487603 -0.119081
vn -0.999933 0.000433 -0.011544
vn -0.866694 0.489484 0.096163
vn -0.500625 0.847788 0.175013
vn -0.000081 0.979015 0.203789
vn 0.500486 0.847922 0.174762
vn 0.866627 0.489687 0.095729
vn 0.999927 0.000588 -0.012063
vn 0.864869 -0.481203 -0.142986
vn 0.865011 -0.485880 -0.125204
vn 0.499091 -0.841460 -0.207009
vn 0.498834 -0.833727 -0.236778
vn 0.000264 -0.971629 -0.236510
vn -0.000092 -0.962687 -0.270617
vn -0.498695 -0.841971 -0.205886
vn -0.499003 -0.833973 -0.235553
vn -0.864875 -0.486628 -0.123226
vn -0.864949 -0.481686 -0.140864
vn -0.999945 0.000247 -0.010494
vn -0.999931 0.000671 -0.011692
vn -0.866724 0.488226 0.102101
vn -0.867008 0.484253 0.117459
vn -0.500527 0.845885 0.184258
vn -0.501052 0.839082 0.211868
vn 0.000264 0.976859 0.213882
vn -0.000089 0.969264 0.246022
vn 0.500880 0.845941 0.183039
vn 0.500891 0.839483 0.210659
vn 0.866798 0.488523 0.100036
vn 0.866928 0.484901 0.115360
vn 0.999917 0.000844 -0.012827
vn 0.999899 0.001323 -0.014129
vn 0.866093 -0.478090 -0.145991
vn 0.500064 -0.831235 -0.242868
vn -0.000046 -0.960515 -0.278227
vn -0.500179 -0.831251 -0.242575
vn -0.866152 -0.478142 -0.145470
vn -0.999907 0.004071 -0.012980
vn -0.865733 0.486065 0.119361
vn -0.499761 0.838769 0.216116
vn -0.000045 0.967880 0.251414
vn 0.499658 0.838903 0.215833
vn 0.865675 0.486288 0.118876
vn 0.999899 0.004238 -0.013561
vn 0.499011 -0.829698 -0.250178
vn 0.865016 -0.478607 -0.150605
vn 0.000043 -0.958085 -0.286484
vn -0.499000 -0.829782 -0.249921
vn -0.865036 -0.478722 -0.150124
vn -0.999906 0.001822 -0.013585
vn -0.866737 0.483310 0.123198
vn -0.500717 0.836279 0.223426
vn 0.000047 0.965598 0.260040
vn 0.500744 0.836340 0.223137
vn 0.866733 0.483439 0.122720
vn 0.999898 0.001955 -0.014141
vn 0.500099 -0.824081 -0.266066
vn 0.866329 -0.473568 -0.158767
vn -0.000156 -0.952259 -0.305290
vn -0.500389 -0.823931 -0.265986
vn -0.866418 -0.473445 -0.158649
vn -0.999914 0.005167 -0.012057
vn -0.865196 0.483095 0.134368
vn -0.499187 0.832201 0.241359
vn -0.000151 0.959857 0.280489
vn 0.498921 0.832348 0.241403
vn 0.865113 0.483235 0.134399
vn 0.999913 0.005191 -0.012108
vn 0.502527 -0.829665 -0.243152
vn 0.868404 -0.474222 -0.144874
vn 0.000341 -0.960272 -0.279064
vn -0.502114 -0.830060 -0.242658
vn -0.868279 -0.474735 -0.143942
vn -0.999914 0.008576 -0.009974
vn -0.863431 0.489240 0.123010
vn -0.497284 0.839325 0.219642
vn 0.000346 0.967034 0.254648
vn 0.497721 0.839235 0.218994
vn 0.863561 0.489274 0.121953
vn 0.999899 0.008887 -0.011122
vn 0.868619 -0.486255 -0.095170
vn 0.866775 -0.483345 -0.122796
vn 0.500558 -0.841399 -0.203690
vn 0.501705 -0.850338 -0.158800
vn -0.000178 -0.972542 -0.232727
vn 0.000085 -0.983352 -0.181712
vn -0.500902 -0.841570 -0.202130
vn -0.501680 -0.850515 -0.157929
vn -0.866884 -0.483821 -0.120126
vn -0.868607 -0.486571 -0.093651
vn -0.999952 0.004260 -0.008768
vn -0.999929 0.010151 -0.006188
vn -0.864969 0.491348 0.102012
vn -0.860855 0.502463 0.080366
vn -0.498996 0.847159 0.182552
vn -0.494045 0.857650 0.142672
vn -0.000180 0.977390 0.211446
vn 0.000082 0.986302 0.164950
vn 0.498591 0.847715 0.181071
vn 0.494086 0.857766 0.141830
vn 0.864773 0.492217 0.099443
vn 0.860861 0.502688 0.078894
vn 0.999918 0.005047 -0.011788
vn 0.999914 0.010484 -0.007918
vn 0.507794 -0.850357 -0.137980
vn 0.875382 -0.476604 -0.080968
vn -0.000189 -0.987361 -0.158490
vn -0.508180 -0.850314 -0.136814
vn -0.875510 -0.476704 -0.078963
vn -0.999620 0.027508 -0.001518
vn -0.852092 0.518227 0.073357
vn -0.485147 0.865319 0.125916
vn -0.000191 0.989533 0.144309
vn 0.484781 0.865675 0.124875
vn 0.851964 0.518696 0.071498
vn 0.999605 0.027858 -0.003748
s 1
g well_log_main_low4
usemtl main1
f 833/1058/989 821/1264/990 822/1056/991 834/1059/992
f 834/1059/992 822/1056/991 823/1262/993 835/1348/994
f 835/1060/994 823/1349/993 824/1057/995 836/1061/996
f 824/1057/995 825/1271/997 837/1062/998 836/1061/996
f 825/1271/997 826/1270/999 838/1063/1000 837/1062/998
f 826/1270/999 827/1269/1001 839/1064/1002 838/1063/1000
f 827/1269/1001 828/1268/1003 840/1065/1004 839/1064/1002
f 840/1065/1004 828/1268/1003 829/1267/1005 841/1327/1006
f 841/1066/1006 829/1328/1005 830/1266/1007 842/1067/1008
f 842/1067/1008 830/1266/1007 831/1265/1009 843/1068/1010
f 843/1068/1010 831/1265/1009 832/1263/1011 844/1069/1012
f 844/1069/1012 832/1263/1011 821/1264/990 833/1058/989
f 1037/1272/1013 1038/1273/1014 846/1071/1015 845/1070/1016
f 1038/1273/1014 1039/1332/1017 847/1072/1018 846/1071/1015
f 847/1333/1018 1039/1274/1017 1040/1275/1019 848/1073/1020
f 848/1073/1020 1040/1275/1019 1041/1276/1021 849/1074/1022
f 849/1074/1022 1041/1276/1021 1042/1277/1023 850/1075/1024
f 850/1075/1024 1042/1277/1023 1043/1278/1025 851/1076/1026
f 851/1076/1026 1043/1278/1025 1044/1279/1027 852/1077/1028
f 852/1077/1028 1044/1279/1027 1045/1300/1029 853/1078/1030
f 1045/1280/1029 1046/1281/1031 854/1079/1032 853/1301/1030
f 1046/1281/1031 1047/1282/1033 855/1080/1034 854/1079/1032
f 1047/1282/1033 1048/1283/1035 856/1081/1036 855/1080/1034
f 1048/1283/1035 1037/1272/1013 845/1070/1016 856/1081/1036
f 845/1070/1016 846/1071/1015 858/1083/1037 857/1082/1038
f 846/1071/1015 847/1072/1018 859/1347/1039 858/1083/1037
f 859/1084/1039 847/1333/1018 848/1073/1020 860/1085/1040
f 860/1085/1040 848/1073/1020 849/1074/1022 861/1086/1041
f 861/1086/1041 849/1074/1022 850/1075/1024 862/1087/1042
f 862/1087/1042 850/1075/1024 851/1076/1026 863/1088/1043
f 863/1088/1043 851/1076/1026 852/1077/1028 864/1089/1044
f 864/1089/1044 852/1077/1028 853/1078/1030 865/1326/1045
f 853/1301/1030 854/1079/1032 866/1091/1046 865/1090/1045
f 854/1079/1032 855/1080/1034 867/1092/1047 866/1091/1046
f 855/1080/1034 856/1081/1036 868/1093/1048 867/1092/1047
f 856/1081/1036 845/1070/1016 857/1082/1038 868/1093/1048
f 857/1082/1038 858/1083/1037 870/1095/1049 869/1094/1050
f 858/1083/1037 859/1347/1039 871/1346/1051 870/1095/1049
f 871/1096/1051 859/1084/1039 860/1085/1040 872/1097/1052
f 872/1097/1052 860/1085/1040 861/1086/1041 873/1098/1053
f 873/1098/1053 861/1086/1041 862/1087/1042 874/1099/1054
f 874/1099/1054 862/1087/1042 863/1088/1043 875/1100/1055
f 875/1100/1055 863/1088/1043 864/1089/1044 876/1101/1056
f 876/1101/1056 864/1089/1044 865/1326/1045 877/1319/1057
f 865/1090/1045 866/1091/1046 878/1103/1058 877/1102/1057
f 866/1091/1046 867/1092/1047 879/1104/1059 878/1103/1058
f 867/1092/1047 868/1093/1048 880/1105/1060 879/1104/1059
f 868/1093/1048 857/1082/1038 869/1094/1050 880/1105/1060
f 1049/1284/1061 1050/1285/1062 882/1107/1063 881/1106/1064
f 882/1107/1063 1050/1285/1062 1051/1329/1065 883/1108/1066
f 883/1331/1066 1051/1286/1065 1052/1287/1067 884/1109/1068
f 884/1109/1068 1052/1287/1067 1053/1288/1069 885/1110/1070
f 885/1110/1070 1053/1288/1069 1054/1289/1071 886/1111/1072
f 886/1111/1072 1054/1289/1071 1055/1290/1073 887/1112/1074
f 887/1112/1074 1055/1290/1073 1056/1291/1075 888/1113/1076
f 888/1113/1076 1056/1291/1075 1057/1296/1077 889/1114/1078
f 889/1299/1078 1057/1292/1077 1058/1293/1079 890/1115/1080
f 1058/1293/1079 1059/1294/1081 891/1116/1082 890/1115/1080
f 1059/1294/1081 1060/1295/1083 892/1117/1084 891/1116/1082
f 1060/1295/1083 1049/1284/1061 881/1106/1064 892/1117/1084
f 881/1315/1064 882/1325/1063 894/1119/1085 893/1118/1086
f 882/1325/1063 883/1324/1066 895/1345/1087 894/1119/1085
f 895/1120/1087 883/1330/1066 884/1323/1068 896/1121/1088
f 896/1121/1088 884/1323/1068 885/1322/1070 897/1122/1089
f 897/1122/1089 885/1322/1070 886/1321/1072 898/1123/1090
f 898/1123/1090 886/1321/1072 887/1320/1074 899/1124/1091
f 899/1124/1091 887/1320/1074 888/1318/1076 900/1125/1092
f 900/1125/1092 888/1318/1076 889/1297/1078 901/1313/1093
f 889/1298/1078 890/1317/1080 902/1127/1094 901/1126/1093
f 890/1317/1080 891/1316/1082 903/1128/1095 902/1127/1094
f 891/1316/1082 892/1314/1084 904/1129/1096 903/1128/1095
f 892/1314/1084 881/1315/1064 893/1118/1086 904/1129/1096
f 893/1118/1086 894/1119/1085 906/1131/1097 905/1130/1098
f 894/1119/1085 895/1345/1087 907/1344/1099 906/1131/1097
f 907/1132/1099 895/1120/1087 896/1121/1088 908/1133/1100
f 908/1133/1100 896/1121/1088 897/1122/1089 909/1134/1101
f 909/1134/1101 897/1122/1089 898/1123/1090 910/1135/1102
f 910/1135/1102 898/1123/1090 899/1124/1091 911/1136/1103
f 911/1136/1103 899/1124/1091 900/1125/1092 912/1137/1104
f 912/1137/1104 900/1125/1092 901/1313/1093 913/1312/1105
f 901/1126/1093 902/1127/1094 914/1139/1106 913/1138/1105
f 902/1127/1094 903/1128/1095 915/1140/1107 914/1139/1106
f 903/1128/1095 904/1129/1096 916/1141/1108 915/1140/1107
f 904/1129/1096 893/1118/1086 905/1130/1098 916/1141/1108
f 917/1142/1109 905/1130/1098 906/1131/1097 918/1143/1110
f 918/1143/1110 906/1131/1097 907/1344/1099 919/1343/1111
f 907/1132/1099 908/1133/1100 920/1145/1112 919/1144/1111
f 908/1133/1100 909/1134/1101 921/1146/1113 920/1145/1112
f 909/1134/1101 910/1135/1102 922/1147/1114 921/1146/1113
f 910/1135/1102 911/1136/1103 923/1148/1115 922/1147/1114
f 911/1136/1103 912/1137/1104 924/1149/1116 923/1148/1115
f 912/1137/1104 913/1312/1105 925/1311/1117 924/1149/1116
f 925/1150/1117 913/1138/1105 914/1139/1106 926/1151/1118
f 926/1151/1118 914/1139/1106 915/1140/1107 927/1152/1119
f 927/1152/1119 915/1140/1107 916/1141/1108 928/1153/1120
f 928/1153/1120 916/1141/1108 905/1130/1098 917/1142/1109
f 929/1154/1121 1025/1249/1122 1026/1250/1123 930/1155/1124
f 930/1155/1124 1026/1250/1123 1027/1334/1125 931/1156/1126
f 1027/1251/1125 1028/1252/1127 932/1157/1128 931/1335/1126
f 1028/1252/1127 1029/1253/1129 933/1158/1130 932/1157/1128
f 1029/1253/1129 1030/1254/1131 934/1159/1132 933/1158/1130
f 1030/1254/1131 1031/1255/1133 935/1160/1134 934/1159/1132
f 1031/1255/1133 1032/1256/1135 936/1161/1136 935/1160/1134
f 1032/1256/1135 1033/1302/1137 937/1162/1138 936/1161/1136
f 937/1303/1138 1033/1257/1137 1034/1258/1139 938/1163/1140
f 938/1163/1140 1034/1258/1139 1035/1259/1141 939/1164/1142
f 939/1164/1142 1035/1259/1141 1036/1260/1143 940/1165/1144
f 940/1165/1144 1036/1260/1143 1025/1249/1122 929/1154/1121
f 941/1166/1145 929/1154/1121 930/1155/1124 942/1167/1146
f 942/1167/1146 930/1155/1124 931/1156/1126 943/1342/1147
f 943/1168/1147 931/1335/1126 932/1157/1128 944/1169/1148
f 944/1169/1148 932/1157/1128 933/1158/1130 945/1170/1149
f 945/1170/1149 933/1158/1130 934/1159/1132 946/1171/1150
f 946/1171/1150 934/1159/1132 935/1160/1134 947/1172/1151
f 947/1172/1151 935/1160/1134 936/1161/1136 948/1173/1152
f 948/1173/1152 936/1161/1136 937/1162/1138 949/1310/1153
f 949/1174/1153 937/1303/1138 938/1163/1140 950/1175/1154
f 950/1175/1154 938/1163/1140 939/1164/1142 951/1176/1155
f 939/1164/1142 940/1165/1144 952/1177/1156 951/1176/1155
f 940/1165/1144 929/1154/1121 941/1166/1145 952/1177/1156
f 941/1166/1145 942/1167/1146 954/1179/1157 953/1178/1158
f 954/1179/1157 942/1167/1146 943/1342/1147 955/1341/1159
f 955/1180/1159 943/1168/1147 944/1169/1148 956/1181/1160
f 956/1181/1160 944/1169/1148 945/1170/1149 957/1182/1161
f 957/1182/1161 945/1170/1149 946/1171/1150 958/1183/1162
f 958/1183/1162 946/1171/1150 947/1172/1151 959/1184/1163
f 959/1184/1163 947/1172/1151 948/1173/1152 960/1185/1164
f 960/1185/1164 948/1173/1152 949/1310/1153 961/1309/1165
f 961/1186/1165 949/1174/1153 950/1175/1154 962/1187/1166
f 950/1175/1154 951/1176/1155 963/1188/1167 962/1187/1166
f 951/1176/1155 952/1177/1156 964/1189/1168 963/1188/1167
f 952/1177/1156 941/1166/1145 953/1178/1158 964/1189/1168
f 953/1178/1158 954/1179/1157 966/1191/1169 965/1190/1170
f 954/1179/1157 955/1341/1159 967/1340/1171 966/1191/1169
f 967/1192/1171 955/1180/1159 956/1181/1160 968/1193/1172
f 968/1193/1172 956/1181/1160 957/1182/1161 969/1194/1173
f 969/1194/1173 957/1182/1161 958/1183/1162 970/1195/1174
f 970/1195/1174 958/1183/1162 959/1184/1163 971/1196/1175
f 971/1196/1175 959/1184/1163 960/1185/1164 972/1197/1176
f 972/1197/1176 960/1185/1164 961/1309/1165 973/1308/1177
f 961/1186/1165 962/1187/1166 974/1199/1178 973/1198/1177
f 962/1187/1166 963/1188/1167 975/1200/1179 974/1199/1178
f 963/1188/1167 964/1189/1168 976/1201/1180 975/1200/1179
f 964/1189/1168 953/1178/1158 965/1190/1170 976/1201/1180
f 965/1190/1170 966/1191/1169 978/1203/1181 977/1202/1182
f 966/1191/1169 967/1340/1171 979/1339/1183 978/1203/1181
f 979/1204/1183 967/1192/1171 968/1193/1172 980/1205/1184
f 980/1205/1184 968/1193/1172 969/1194/1173 981/1206/1185
f 981/1206/1185 969/1194/1173 970/1195/1174 982/1207/1186
f 982/1207/1186 970/1195/1174 971/1196/1175 983/1208/1187
f 983/1208/1187 971/1196/1175 972/1197/1176 984/1209/1188
f 984/1209/1188 972/1197/1176 973/1308/1177 985/1307/1189
f 973/1198/1177 974/1199/1178 986/1211/1190 985/1210/1189
f 974/1199/1178 975/1200/1179 987/1212/1191 986/1211/1190
f 975/1200/1179 976/1201/1180 988/1213/1192 987/1212/1191
f 976/1201/1180 965/1190/1170 977/1202/1182 988/1213/1192
f 989/1214/1193 1013/1237/1194 1014/1238/1195 990/1215/1196
f 990/1215/1196 1014/1238/1195 1015/1336/1197 991/1216/1198
f 1015/1239/1197 1016/1240/1199 992/1217/1200 991/1337/1198
f 1016/1240/1199 1017/1241/1201 993/1218/1202 992/1217/1200
f 1017/1241/1201 1018/1242/1203 994/1219/1204 993/1218/1202
f 1018/1242/1203 1019/1243/1205 995/1220/1206 994/1219/1204
f 1019/1243/1205 1020/1244/1207 996/1221/1208 995/1220/1206
f 1020/1244/1207 1021/1304/1209 997/1222/1210 996/1221/1208
f 997/1305/1210 1021/1245/1209 1022/1246/1211 998/1223/1212
f 998/1223/1212 1022/1246/1211 1023/1247/1213 999/1224/1214
f 999/1224/1214 1023/1247/1213 1024/1248/1215 1000/1225/1216
f 1000/1225/1216 1024/1248/1215 1013/1237/1194 989/1214/1193
f 989/1214/1193 990/1215/1196 1002/1226/1217 1001/1261/1218
f 1002/1226/1217 990/1215/1196 991/1216/1198 1003/1338/1219
f 1003/1227/1219 991/1337/1198 992/1217/1200 1004/1228/1220
f 1004/1228/1220 992/1217/1200 993/1218/1202 1005/1229/1221
f 1005/1229/1221 993/1218/1202 994/1219/1204 1006/1230/1222
f 1006/1230/1222 994/1219/1204 995/1220/1206 1007/1231/1223
f 1007/1231/1223 995/1220/1206 996/1221/1208 1008/1232/1224
f 1008/1232/1224 996/1221/1208 997/1222/1210 1009/1306/1225
f 1009/1233/1225 997/1305/1210 998/1223/1212 1010/1234/1226
f 998/1223/1212 999/1224/1214 1011/1235/1227 1010/1234/1226
f 999/1224/1214 1000/1225/1216 1012/1236/1228 1011/1235/1227
f 1000/1225/1216 989/1214/1193 1001/1261/1218 1012/1236/1228
f 1013/1237/1194 977/1202/1182 978/1203/1181 1014/1238/1195
f 1014/1238/1195 978/1203/1181 979/1339/1183 1015/1336/1197
f 979/1204/1183 980/1205/1184 1016/1240/1199 1015/1239/1197
f 980/1205/1184 981/1206/1185 1017/1241/1201 1016/1240/1199
f 981/1206/1185 982/1207/1186 1018/1242/1203 1017/1241/1201
f 982/1207/1186 983/1208/1187 1019/1243/1205 1018/1242/1203
f 983/1208/1187 984/1209/1188 1020/1244/1207 1019/1243/1205
f 984/1209/1188 985/1307/1189 1021/1304/1209 1020/1244/1207
f 1021/1245/1209 985/1210/1189 986/1211/1190 1022/1246/1211
f 1022/1246/1211 986/1211/1190 987/1212/1191 1023/1247/1213
f 1023/1247/1213 987/1212/1191 988/1213/1192 1024/1248/1215
f 1024/1248/1215 988/1213/1192 977/1202/1182 1013/1237/1194
f 1025/1249/1122 917/1142/1109 918/1143/1110 1026/1250/1123
f 1026/1250/1123 918/1143/1110 919/1343/1111 1027/1334/1125
f 919/1144/1111 920/1145/1112 1028/1252/1127 1027/1251/1125
f 920/1145/1112 921/1146/1113 1029/1253/1129 1028/1252/1127
f 921/1146/1113 922/1147/1114 1030/1254/1131 1029/1253/1129
f 922/1147/1114 923/1148/1115 1031/1255/1133 1030/1254/1131
f 923/1148/1115 924/1149/1116 1032/1256/1135 1031/1255/1133
f 924/1149/1116 925/1311/1117 1033/1302/1137 1032/1256/1135
f 1033/1257/1137 925/1150/1117 926/1151/1118 1034/1258/1139
f 1034/1258/1139 926/1151/1118 927/1152/1119 1035/1259/1141
f 1035/1259/1141 927/1152/1119 928/1153/1120 1036/1260/1143
f 1036/1260/1143 928/1153/1120 917/1142/1109 1025/1249/1122
f 833/1058/989 834/1059/992 1038/1273/1014 1037/1272/1013
f 834/1059/992 835/1348/994 1039/1332/1017 1038/1273/1014
f 1040/1275/1019 1039/1274/1017 835/1060/994 836/1061/996
f 1041/1276/1021 1040/1275/1019 836/1061/996 837/1062/998
f 1042/1277/1023 1041/1276/1021 837/1062/998 838/1063/1000
f 1043/1278/1025 1042/1277/1023 838/1063/1000 839/1064/1002
f 1044/1279/1027 1043/1278/1025 839/1064/1002 840/1065/1004
f 1045/1300/1029 1044/1279/1027 840/1065/1004 841/1327/1006
f 841/1066/1006 842/1067/1008 1046/1281/1031 1045/1280/1029
f 842/1067/1008 843/1068/1010 1047/1282/1033 1046/1281/1031
f 843/1068/1010 844/1069/1012 1048/1283/1035 1047/1282/1033
f 844/1069/1012 833/1058/989 1037/1272/1013 1048/1283/1035
f 869/1094/1050 870/1095/1049 1050/1285/1062 1049/1284/1061
f 1051/1329/1065 1050/1285/1062 870/1095/1049 871/1346/1051
f 1052/1287/1067 1051/1286/1065 871/1096/1051 872/1097/1052
f 1053/1288/1069 1052/1287/1067 872/1097/1052 873/1098/1053
f 1054/1289/1071 1053/1288/1069 873/1098/1053 874/1099/1054
f 1055/1290/1073 1054/1289/1071 874/1099/1054 875/1100/1055
f 1056/1291/1075 1055/1290/1073 875/1100/1055 876/1101/1056
f 1057/1296/1077 1056/1291/1075 876/1101/1056 877/1319/1057
f 1058/1293/1079 1057/1292/1077 877/1102/1057 878/1103/1058
f 878/1103/1058 879/1104/1059 1059/1294/1081 1058/1293/1079
f 879/1104/1059 880/1105/1060 1060/1295/1083 1059/1294/1081
f 880/1105/1060 869/1094/1050 1049/1284/1061 1060/1295/1083
g default
v 58.974434 7.042514 9.744571
v 58.863911 6.954271 9.634048
v 58.712933 6.840750 9.593594
v 58.561954 6.727154 9.634048
v 58.451431 6.651456 9.744571
v 58.413048 6.623524 9.895548
v 58.451431 6.651456 10.046524
v 58.561954 6.727154 10.157046
v 58.712933 6.840750 10.197501
v 58.863911 6.954271 10.157046
v 58.974434 7.042514 10.046524
v 59.014885 7.087443 9.895548
v 58.974434 13.023775 9.744571
v 58.863911 13.136690 9.634048
v 58.712933 13.278881 9.593594
v 58.561954 13.423162 9.634048
v 58.451431 13.529806 9.744571
v 58.413528 13.566170 9.895548
v 58.451431 13.529806 10.046524
v 58.561954 13.423162 10.157046
v 58.712933 13.278881 10.197501
v 58.863911 13.136690 10.157046
v 58.974434 13.023775 10.046524
v 59.014885 12.975679 9.895548
v 58.944431 11.991352 9.761972
v 58.846649 11.991352 9.664189
v 58.713074 11.991352 9.628399
v 58.579498 11.991352 9.664189
v 58.481716 11.991352 9.761972
v 58.448082 11.991351 9.895548
v 58.481716 11.991352 10.029122
v 58.579498 11.991352 10.126905
v 58.713074 11.991352 10.162697
v 58.846649 11.991352 10.126905
v 58.944431 11.991352 10.029122
v 58.980221 11.991352 9.895548
v 58.967541 11.866028 9.748568
v 58.859947 11.863571 9.640972
v 58.712963 11.860412 9.601589
v 58.565987 11.857248 9.640972
v 58.458389 11.855142 9.748568
v 58.435303 11.854363 9.895548
v 58.458389 11.855142 10.042527
v 58.565987 11.857248 10.150123
v 58.712963 11.860412 10.189506
v 58.859947 11.863571 10.150123
v 58.967541 11.866028 10.042527
v 59.006924 11.867279 9.895548
v 58.961510 12.145159 9.750176
v 58.855091 12.163306 9.643757
v 58.709717 12.186159 9.604805
v 58.564350 12.209347 9.643757
v 58.457928 12.226487 9.750176
v 58.421341 12.232330 9.895548
v 58.457928 12.226487 10.040918
v 58.564350 12.209347 10.147337
v 58.709717 12.186159 10.186290
v 58.855091 12.163306 10.147337
v 58.961510 12.145159 10.040918
v 59.000462 12.137429 9.895548
vt 0.207802 0.002366
vt 0.217572 0.002366
vt 0.227401 0.002366
vt 0.237336 0.002366
vt 0.247436 0.002366
vt 0.257456 0.002366
vt 0.142808 0.002366
vt 0.153279 0.002366
vt 0.163774 0.002366
vt 0.174546 0.002366
vt 0.185763 0.002366
vt 0.197361 0.002366
vt 0.207802 0.419530
vt 0.217572 0.419530
vt 0.227401 0.419530
vt 0.237336 0.419530
vt 0.247436 0.419530
vt 0.132429 0.419530
vt 0.142808 0.419530
vt 0.153279 0.419530
vt 0.163774 0.419530
vt 0.174546 0.419530
vt 0.185763 0.419530
vt 0.197361 0.419530
vt 0.207802 0.335854
vt 0.217572 0.335854
vt 0.227401 0.335854
vt 0.237336 0.335854
vt 0.247436 0.335854
vt 0.257456 0.335854
vt 0.142808 0.335854
vt 0.153279 0.335854
vt 0.163774 0.335854
vt 0.174546 0.335854
vt 0.185763 0.335854
vt 0.197361 0.335854
vt 0.207802 0.327358
vt 0.217572 0.327358
vt 0.227401 0.327358
vt 0.237336 0.327358
vt 0.247436 0.327358
vt 0.132429 0.327358
vt 0.142808 0.327358
vt 0.153279 0.327358
vt 0.163774 0.327358
vt 0.174546 0.327358
vt 0.185763 0.327358
vt 0.197361 0.327358
vt 0.207802 0.349677
vt 0.217572 0.349677
vt 0.227401 0.349677
vt 0.237336 0.349677
vt 0.247436 0.349677
vt 0.132429 0.349677
vt 0.142808 0.349677
vt 0.153279 0.349677
vt 0.163774 0.349677
vt 0.174546 0.349677
vt 0.185763 0.349677
vt 0.197361 0.349677
vt 0.257456 0.349677
vt 0.257456 0.419530
vt 0.257456 0.327358
vt 0.132429 0.335854
vt 0.132429 0.002366
vn 0.820051 -0.015344 -0.572085
vn 0.863112 -0.032551 -0.503963
vn 0.495060 -0.029398 -0.868361
vn 0.384069 -0.012367 -0.923222
vn -0.003130 -0.026088 -0.999655
vn -0.140845 -0.009531 -0.989986
vn -0.500404 -0.023200 -0.865481
vn -0.609327 -0.007472 -0.792884
vn -0.869154 -0.021264 -0.494085
vn -0.910205 -0.006334 -0.414110
vn -0.999789 -0.020528 0.000000
vn -0.999982 -0.005963 -0.000000
vn -0.869152 -0.021263 0.494088
vn -0.910204 -0.006333 0.414113
vn -0.500403 -0.023200 0.865482
vn -0.609324 -0.007471 0.792886
vn -0.003128 -0.026087 0.999655
vn -0.140847 -0.009532 0.989986
vn 0.495063 -0.029397 0.868360
vn 0.384074 -0.012368 0.923220
vn 0.863111 -0.032550 0.503965
vn 0.820049 -0.015344 0.572088
vn 0.999419 -0.034078 -0.000000
vn 0.999859 -0.016811 0.000000
vn 0.487316 0.017612 -0.873048
vn 0.860910 0.022899 -0.508242
vn 0.865917 0.006544 -0.500145
vn 0.499783 0.006437 -0.866127
vn -0.015439 0.011371 -0.999816
vn -0.000196 0.006305 -0.999980
vn -0.511094 0.005984 -0.859504
vn -0.500088 0.006176 -0.865953
vn -0.877079 -0.007610 -0.480287
vn -0.879276 0.006179 -0.476273
vn -0.999812 -0.019383 0.000001
vn -0.999981 0.006175 0.000000
vn -0.879274 0.006179 0.476277
vn -0.877077 -0.007606 0.480290
vn -0.500090 0.006176 0.865951
vn -0.511091 0.005983 0.859505
vn -0.000200 0.006305 0.999980
vn -0.015436 0.011372 0.999816
vn 0.499781 0.006437 0.866128
vn 0.487317 0.017616 0.873047
vn 0.865916 0.006543 0.500146
vn 0.860909 0.022900 0.508244
vn 0.999978 0.006608 0.000000
vn 0.999686 0.025038 -0.000001
vn 0.831715 0.001643 -0.555201
vn 0.414130 0.001611 -0.910216
vn -0.109582 0.001577 -0.993976
vn -0.583795 0.001552 -0.811899
vn -0.909312 0.002399 -0.416108
vn -0.999996 0.002879 0.000000
vn -0.909311 0.002399 0.416111
vn -0.583797 0.001552 0.811899
vn -0.109587 0.001577 0.993976
vn 0.414127 0.001611 0.910218
vn 0.831714 0.001643 0.555202
vn 0.999999 0.001659 0.000000
s 1
g well_log_main_low1
usemtl main1
f 1073/1362/1229 1109/1398/1230 1110/1399/1231 1074/1363/1232
f 1074/1363/1232 1110/1399/1231 1111/1400/1233 1075/1364/1234
f 1075/1364/1234 1111/1400/1233 1112/1401/1235 1076/1365/1236
f 1076/1365/1236 1112/1401/1235 1113/1402/1237 1077/1366/1238
f 1077/1366/1238 1113/1402/1237 1114/1410/1239 1078/1411/1240
f 1114/1403/1239 1115/1404/1241 1079/1368/1242 1078/1367/1240
f 1115/1404/1241 1116/1405/1243 1080/1369/1244 1079/1368/1242
f 1116/1405/1243 1117/1406/1245 1081/1370/1246 1080/1369/1244
f 1117/1406/1245 1118/1407/1247 1082/1371/1248 1081/1370/1246
f 1118/1407/1247 1119/1408/1249 1083/1372/1250 1082/1371/1248
f 1119/1408/1249 1120/1409/1251 1084/1373/1252 1083/1372/1250
f 1084/1373/1252 1120/1409/1251 1109/1398/1230 1073/1362/1229
f 1086/1375/1253 1085/1374/1254 1097/1386/1255 1098/1387/1256
f 1087/1376/1257 1086/1375/1253 1098/1387/1256 1099/1388/1258
f 1088/1377/1259 1087/1376/1257 1099/1388/1258 1100/1389/1260
f 1089/1378/1261 1088/1377/1259 1100/1389/1260 1101/1390/1262
f 1090/1379/1263 1089/1378/1261 1101/1390/1262 1102/1412/1264
f 1102/1391/1264 1103/1392/1265 1091/1380/1266 1090/1413/1263
f 1103/1392/1265 1104/1393/1267 1092/1381/1268 1091/1380/1266
f 1104/1393/1267 1105/1394/1269 1093/1382/1270 1092/1381/1268
f 1105/1394/1269 1106/1395/1271 1094/1383/1272 1093/1382/1270
f 1106/1395/1271 1107/1396/1273 1095/1384/1274 1094/1383/1272
f 1107/1396/1273 1108/1397/1275 1096/1385/1276 1095/1384/1274
f 1085/1374/1254 1096/1385/1276 1108/1397/1275 1097/1386/1255
f 1098/1387/1256 1097/1386/1255 1061/1350/1277 1062/1351/1278
f 1099/1388/1258 1098/1387/1256 1062/1351/1278 1063/1352/1279
f 1100/1389/1260 1099/1388/1258 1063/1352/1279 1064/1353/1280
f 1101/1390/1262 1100/1389/1260 1064/1353/1280 1065/1354/1281
f 1102/1412/1264 1101/1390/1262 1065/1354/1281 1066/1355/1282
f 1066/1414/1282 1067/1356/1283 1103/1392/1265 1102/1391/1264
f 1067/1356/1283 1068/1357/1284 1104/1393/1267 1103/1392/1265
f 1068/1357/1284 1069/1358/1285 1105/1394/1269 1104/1393/1267
f 1069/1358/1285 1070/1359/1286 1106/1395/1271 1105/1394/1269
f 1070/1359/1286 1071/1360/1287 1107/1396/1273 1106/1395/1271
f 1071/1360/1287 1072/1361/1288 1108/1397/1275 1107/1396/1273
f 1097/1386/1255 1108/1397/1275 1072/1361/1288 1061/1350/1277
f 1110/1399/1231 1109/1398/1230 1085/1374/1254 1086/1375/1253
f 1111/1400/1233 1110/1399/1231 1086/1375/1253 1087/1376/1257
f 1112/1401/1235 1111/1400/1233 1087/1376/1257 1088/1377/1259
f 1113/1402/1237 1112/1401/1235 1088/1377/1259 1089/1378/1261
f 1114/1410/1239 1113/1402/1237 1089/1378/1261 1090/1379/1263
f 1090/1413/1263 1091/1380/1266 1115/1404/1241 1114/1403/1239
f 1091/1380/1266 1092/1381/1268 1116/1405/1243 1115/1404/1241
f 1092/1381/1268 1093/1382/1270 1117/1406/1245 1116/1405/1243
f 1093/1382/1270 1094/1383/1272 1118/1407/1247 1117/1406/1245
f 1094/1383/1272 1095/1384/1274 1119/1408/1249 1118/1407/1247
f 1095/1384/1274 1096/1385/1276 1120/1409/1251 1119/1408/1249
f 1109/1398/1230 1120/1409/1251 1096/1385/1276 1085/1374/1254
g default
v 58.350250 1.014150 9.644114
v 58.166191 1.014150 9.460052
v 57.914757 1.014150 9.392680
v 57.663322 1.014150 9.460052
v 57.479263 1.014150 9.644114
v 57.411888 1.014150 9.895548
v 57.479263 1.014150 10.146981
v 57.663322 1.014150 10.331043
v 57.914757 1.014150 10.398415
v 58.166191 1.014150 10.331043
v 58.350250 1.014150 10.146981
v 58.417625 1.014150 9.895548
v 58.350250 11.023365 9.644114
v 58.166191 11.023365 9.460052
v 57.914757 11.023365 9.392680
v 57.663322 11.023365 9.460052
v 57.479263 11.023365 9.644114
v 57.411888 11.023365 9.895548
v 57.479263 11.023365 10.146981
v 57.663322 11.023365 10.331043
v 57.914757 11.023365 10.398415
v 58.166191 11.023365 10.331043
v 58.350250 11.023365 10.146981
v 58.417625 11.023365 9.895548
vt 0.315192 0.001962
vt 0.325566 0.001961
vt 0.335939 0.001960
vt 0.346312 0.001959
vt 0.356686 0.001957
vt 0.367059 0.001956
vt 0.377433 0.001955
vt 0.387806 0.001954
vt 0.398179 0.001953
vt 0.284072 0.001965
vt 0.294446 0.001964
vt 0.304819 0.001963
vt 0.315235 0.400840
vt 0.325608 0.400839
vt 0.335981 0.400838
vt 0.346355 0.400836
vt 0.356728 0.400835
vt 0.367101 0.400834
vt 0.377475 0.400833
vt 0.387848 0.400832
vt 0.273741 0.400844
vt 0.284115 0.400843
vt 0.294488 0.400842
vt 0.304861 0.400841
vt 0.273699 0.001966
vt 0.398222 0.400831
vn 0.866025 0.000000 -0.500000
vn 0.500001 0.000000 -0.866025
vn 0.866025 0.000000 -0.500001
vn 0.500001 0.000000 -0.866025
vn 0.000000 0.000000 -1.000000
vn -0.000000 0.000000 -1.000000
vn -0.500001 0.000000 -0.866025
vn -0.500001 0.000000 -0.866025
vn -0.866025 0.000000 -0.500001
vn -0.866025 0.000000 -0.500000
vn -1.000000 0.000000 -0.000000
vn -1.000000 0.000000 0.000000
vn -0.866024 0.000000 0.500002
vn -0.866025 0.000000 0.500001
vn -0.499999 0.000000 0.866026
vn -0.500003 0.000000 0.866024
vn -0.000000 0.000000 1.000000
vn 0.000000 0.000000 1.000000
vn 0.500003 0.000000 0.866023
vn 0.499999 0.000000 0.866026
vn 0.866025 0.000000 0.500001
vn 0.866024 0.000000 0.500002
vn 1.000000 0.000000 0.000000
vn 1.000000 0.000000 -0.000000
s 1
g well_log_main_low
usemtl main1
f 1121/1415/1289 1122/1416/1290 1133/1427/1291
f 1133/1427/1291 1122/1416/1290 1134/1428/1292
f 1122/1416/1290 1123/1417/1293 1134/1428/1292
f 1134/1428/1292 1123/1417/1293 1135/1429/1294
f 1123/1417/1293 1124/1418/1295 1135/1429/1294
f 1135/1429/1294 1124/1418/1295 1136/1430/1296
f 1124/1418/1295 1125/1419/1297 1136/1430/1296
f 1136/1430/1296 1125/1419/1297 1137/1431/1298
f 1125/1419/1297 1126/1420/1299 1137/1431/1298
f 1137/1431/1298 1126/1420/1299 1138/1432/1300
f 1126/1420/1299 1127/1421/1301 1138/1432/1300
f 1138/1432/1300 1127/1421/1301 1139/1433/1302
f 1127/1421/1301 1128/1422/1303 1139/1433/1302
f 1139/1433/1302 1128/1422/1303 1140/1434/1304
f 1128/1422/1303 1129/1423/1305 1140/1434/1304
f 1140/1434/1304 1129/1423/1305 1141/1440/1306
f 1129/1439/1305 1130/1424/1307 1141/1435/1306
f 1141/1435/1306 1130/1424/1307 1142/1436/1308
f 1130/1424/1307 1131/1425/1309 1142/1436/1308
f 1142/1436/1308 1131/1425/1309 1143/1437/1310
f 1131/1425/1309 1132/1426/1311 1143/1437/1310
f 1143/1437/1310 1132/1426/1311 1144/1438/1312
f 1132/1426/1311 1121/1415/1289 1144/1438/1312
f 1144/1438/1312 1121/1415/1289 1133/1427/1291
g default
v 57.892607 13.961941 -5.380125
v 57.892607 13.961941 -5.219753
v 57.892607 12.376946 -5.380125
v 57.892607 12.376946 -5.219753
vt 0.598424 0.785967
vt 0.618000 0.785964
vt 0.598459 0.979445
vt 0.618035 0.979442
vn 1.000000 0.000000 0.000000
vn 1.000000 0.000000 0.000000
vn 1.000000 0.000000 0.000000
vn 1.000000 0.000000 0.000000
s off
g iron_chain_6pack1_low5
usemtl main1
f 1145/1441/1313 1146/1442/1314 1148/1444/1315 1147/1443/1316
g default
v 57.895754 13.961941 -5.380125
v 57.895754 13.961941 -5.219753
v 57.895754 12.376946 -5.380125
v 57.895754 12.376946 -5.219753
vt 0.598424 0.785967
vt 0.618000 0.785964
vt 0.598459 0.979445
vt 0.618035 0.979442
vn 1.000000 0.000000 0.000000
vn 1.000000 0.000000 0.000000
vn 1.000000 0.000000 0.000000
vn 1.000000 0.000000 0.000000
s off
g iron_chain_6pack1_low4
usemtl main1
f 1149/1445/1317 1150/1446/1318 1152/1448/1319 1151/1447/1320
g default
v 57.816353 9.350491 -5.299303
v 57.977165 9.350491 -5.299303
v 57.816353 7.767829 -5.299303
v 57.977165 7.767829 -5.299303
vt 0.631871 0.784560
vt 0.651502 0.784560
vt 0.631873 0.977756
vt 0.651504 0.977757
vn 0.000000 0.000000 -1.000000
vn 0.000000 0.000000 -1.000000
vn 0.000000 0.000000 -1.000000
vn 0.000000 0.000000 -1.000000
s off
g iron_chain_6pack2_low15
usemtl main1
f 1153/1449/1321 1154/1450/1322 1156/1452/1323 1155/1451/1324
g default
v 57.816353 9.350491 -5.300433
v 57.977165 9.350491 -5.300433
v 57.816353 7.767829 -5.300433
v 57.977165 7.767829 -5.300433
vt 0.631871 0.784560
vt 0.651502 0.784560
vt 0.631873 0.977756
vt 0.651504 0.977757
vn 0.000000 0.000000 -1.000000
vn 0.000000 0.000000 -1.000000
vn 0.000000 0.000000 -1.000000
vn 0.000000 0.000000 -1.000000
s off
g iron_chain_6pack2_low14
usemtl main1
f 1157/1453/1325 1158/1454/1326 1160/1456/1327 1159/1455/1328
g default
v 57.894363 13.961941 -5.380125
v 57.894363 13.961941 -5.219753
v 57.894363 12.376946 -5.380125
v 57.894363 12.376946 -5.219753
vt 0.598424 0.785967
vt 0.618000 0.785964
vt 0.598459 0.979445
vt 0.618035 0.979442
vn 1.000000 0.000000 0.000000
vn 1.000000 0.000000 0.000000
vn 1.000000 0.000000 0.000000
vn 1.000000 0.000000 0.000000
s off
g iron_chain_6pack1_low3
usemtl main1
f 1161/1457/1329 1162/1458/1330 1164/1460/1331 1163/1459/1332
g default
v 57.816353 9.350491 -5.300433
v 57.977165 9.350491 -5.300433
v 57.816353 7.767829 -5.300433
v 57.977165 7.767829 -5.300433
vt 0.631871 0.784560
vt 0.651502 0.784560
vt 0.631873 0.977756
vt 0.651504 0.977757
vn 0.000000 0.000000 -1.000000
vn 0.000000 0.000000 -1.000000
vn 0.000000 0.000000 -1.000000
vn 0.000000 0.000000 -1.000000
s off
g iron_chain_6pack2_low17
usemtl main1
f 1165/1461/1333 1166/1462/1334 1168/1464/1335 1167/1463/1336
g default
v 57.816353 9.350491 -5.295914
v 57.977165 9.350491 -5.295914
v 57.816353 7.767829 -5.295914
v 57.977165 7.767829 -5.295914
vt 0.631871 0.784560
vt 0.651502 0.784560
vt 0.631873 0.977756
vt 0.651504 0.977757
vn 0.000000 0.000000 -1.000000
vn 0.000000 0.000000 -1.000000
vn 0.000000 0.000000 -1.000000
vn 0.000000 0.000000 -1.000000
s off
g iron_chain_6pack2_low16
usemtl main1
f 1169/1465/1337 1170/1466/1338 1172/1468/1339 1171/1467/1340
g default
v 57.816353 10.933152 -5.295914
v 57.977165 10.933152 -5.295914
v 57.816353 9.350491 -5.295914
v 57.977165 9.350491 -5.295914
vt 0.631871 0.784560
vt 0.651502 0.784560
vt 0.631873 0.977756
vt 0.651504 0.977757
vn 0.000000 0.000000 -1.000000
vn 0.000000 0.000000 -1.000000
vn 0.000000 0.000000 -1.000000
vn 0.000000 0.000000 -1.000000
s off
g iron_chain_6pack2_low10
usemtl main1
f 1173/1469/1341 1174/1470/1342 1176/1472/1343 1175/1471/1344
g default
v 57.816353 10.933152 -5.299303
v 57.977165 10.933152 -5.299303
v 57.816353 9.350491 -5.299303
v 57.977165 9.350491 -5.299303
vt 0.631871 0.784560
vt 0.651502 0.784560
vt 0.631873 0.977756
vt 0.651504 0.977757
vn 0.000000 0.000000 -1.000000
vn 0.000000 0.000000 -1.000000
vn 0.000000 0.000000 -1.000000
vn 0.000000 0.000000 -1.000000
s off
g iron_chain_6pack2_low9
usemtl main1
f 1177/1473/1345 1178/1474/1346 1180/1476/1347 1179/1475/1348
g default
v 57.816353 9.350491 -5.295914
v 57.977165 9.350491 -5.295914
v 57.816353 7.767829 -5.295914
v 57.977165 7.767829 -5.295914
vt 0.631871 0.784560
vt 0.651502 0.784560
vt 0.631873 0.977756
vt 0.651504 0.977757
vn 0.000000 0.000000 -1.000000
vn 0.000000 0.000000 -1.000000
vn 0.000000 0.000000 -1.000000
vn 0.000000 0.000000 -1.000000
s off
g iron_chain_6pack2_low13
usemtl main1
f 1181/1477/1349 1182/1478/1350 1184/1480/1351 1183/1479/1352
g default
v 57.816353 9.350491 -5.299303
v 57.977165 9.350491 -5.299303
v 57.816353 7.767829 -5.299303
v 57.977165 7.767829 -5.299303
vt 0.631871 0.784560
vt 0.651502 0.784560
vt 0.631873 0.977756
vt 0.651504 0.977757
vn 0.000000 0.000000 -1.000000
vn 0.000000 0.000000 -1.000000
vn 0.000000 0.000000 -1.000000
vn 0.000000 0.000000 -1.000000
s off
g iron_chain_6pack2_low12
usemtl main1
f 1185/1481/1353 1186/1482/1354 1188/1484/1355 1187/1483/1356
g default
v 57.816353 10.933152 -5.300433
v 57.977165 10.933152 -5.300433
v 57.816353 9.350491 -5.300433
v 57.977165 9.350491 -5.300433
vt 0.631871 0.784560
vt 0.651502 0.784560
vt 0.631873 0.977756
vt 0.651504 0.977757
vn 0.000000 0.000000 -1.000000
vn 0.000000 0.000000 -1.000000
vn 0.000000 0.000000 -1.000000
vn 0.000000 0.000000 -1.000000
s off
g iron_chain_6pack2_low11
usemtl main1
f 1189/1485/1357 1190/1486/1358 1192/1488/1359 1191/1487/1360
g default
v 57.816353 12.515814 -5.300433
v 57.977165 12.515814 -5.300433
v 57.816353 10.933152 -5.300433
v 57.977165 10.933152 -5.300433
vt 0.631871 0.784560
vt 0.651502 0.784560
vt 0.631873 0.977756
vt 0.651504 0.977757
vn 0.000000 0.000000 -1.000000
vn 0.000000 0.000000 -1.000000
vn 0.000000 0.000000 -1.000000
vn 0.000000 0.000000 -1.000000
s off
g iron_chain_6pack2_low8
usemtl main1
f 1193/1489/1361 1194/1490/1362 1196/1492/1363 1195/1491/1364
g default
v 57.816353 12.515814 -5.295914
v 57.977165 12.515814 -5.295914
v 57.816353 10.933152 -5.295914
v 57.977165 10.933152 -5.295914
vt 0.631871 0.784560
vt 0.651502 0.784560
vt 0.631873 0.977756
vt 0.651504 0.977757
vn 0.000000 0.000000 -1.000000
vn 0.000000 0.000000 -1.000000
vn 0.000000 0.000000 -1.000000
vn 0.000000 0.000000 -1.000000
s off
g iron_chain_6pack2_low7
usemtl main1
f 1197/1493/1365 1198/1494/1366 1200/1496/1367 1199/1495/1368
g default
v 57.816353 12.515814 -5.299303
v 57.977165 12.515814 -5.299303
v 57.816353 10.933152 -5.299303
v 57.977165 10.933152 -5.299303
vt 0.631871 0.784560
vt 0.651502 0.784560
vt 0.631873 0.977756
vt 0.651504 0.977757
vn 0.000000 0.000000 -1.000000
vn 0.000000 0.000000 -1.000000
vn 0.000000 0.000000 -1.000000
vn 0.000000 0.000000 -1.000000
s off
g iron_chain_6pack2_low6
usemtl main1
f 1201/1497/1369 1202/1498/1370 1204/1500/1371 1203/1499/1372
g default
v 60.192081 2.519313 -8.455267
v 60.191264 2.342987 -8.278941
v 60.190149 2.278447 -8.038077
v 60.189033 2.342987 -7.797213
v 60.188217 2.519313 -7.620890
v 60.187918 2.760179 -7.556349
v 60.188217 3.001045 -7.620890
v 60.189034 3.177371 -7.797213
v 60.190149 3.241911 -8.038077
v 60.191264 3.177371 -8.278941
v 60.192081 3.001045 -8.455267
v 60.192380 2.760179 -8.519805
v 55.173421 2.519314 -8.478457
v 55.172605 2.342987 -8.302130
v 55.171490 2.278447 -8.061266
v 55.170374 2.342987 -7.820403
v 55.169558 2.519313 -7.644080
v 55.169259 2.760180 -7.579539
v 55.169558 3.001045 -7.644080
v 55.170373 3.177371 -7.820403
v 55.171489 3.241911 -8.061266
v 55.172605 3.177371 -8.302130
v 55.173421 3.001046 -8.478457
v 55.173721 2.760179 -8.542994
vt 0.377279 0.419762
vt 0.387653 0.419763
vt 0.398026 0.419763
vt 0.283919 0.419762
vt 0.294292 0.419762
vt 0.304666 0.419762
vt 0.315039 0.419762
vt 0.325412 0.419762
vt 0.335786 0.419762
vt 0.346159 0.419762
vt 0.356532 0.419762
vt 0.366906 0.419762
vt 0.377278 0.628538
vt 0.387651 0.628538
vt 0.273544 0.628538
vt 0.283918 0.628538
vt 0.294291 0.628538
vt 0.304664 0.628538
vt 0.315038 0.628538
vt 0.325411 0.628538
vt 0.335784 0.628538
vt 0.346158 0.628538
vt 0.356531 0.628538
vt 0.366905 0.628538
vt 0.273545 0.419762
vt 0.398025 0.628538
vn 0.004002 -0.499971 -0.866033
vn 0.002310 -0.866035 -0.499978
vn 0.004002 -0.500010 -0.866010
vn 0.002310 -0.866018 -0.500007
vn -0.000000 -1.000000 -0.000002
vn 0.000000 -1.000000 0.000000
vn -0.002310 -0.866030 0.499986
vn -0.002310 -0.866014 0.500014
vn -0.004001 -0.500008 0.866012
vn -0.004002 -0.499978 0.866029
vn -0.004621 -0.000025 0.999989
vn -0.004621 0.000024 0.999989
vn -0.004002 0.499953 0.866044
vn -0.004001 0.500044 0.865991
vn -0.002311 0.866012 0.500018
vn -0.002310 0.866027 0.499992
vn -0.000000 1.000000 -0.000002
vn -0.000000 1.000000 0.000003
vn 0.002310 0.866029 -0.499989
vn 0.002310 0.866025 -0.499995
vn 0.004001 0.500025 -0.866002
vn 0.004002 0.499972 -0.866032
vn 0.004621 0.000074 -0.999989
vn 0.004621 -0.000048 -0.999989
s 1
g well_log_low23
usemtl main1
f 1205/1501/1373 1206/1502/1374 1217/1513/1375
f 1217/1513/1375 1206/1502/1374 1218/1514/1376
f 1206/1502/1374 1207/1503/1377 1218/1514/1376
f 1218/1514/1376 1207/1503/1377 1219/1526/1378
f 1207/1525/1377 1208/1504/1379 1219/1515/1378
f 1219/1515/1378 1208/1504/1379 1220/1516/1380
f 1208/1504/1379 1209/1505/1381 1220/1516/1380
f 1220/1516/1380 1209/1505/1381 1221/1517/1382
f 1209/1505/1381 1210/1506/1383 1221/1517/1382
f 1221/1517/1382 1210/1506/1383 1222/1518/1384
f 1210/1506/1383 1211/1507/1385 1222/1518/1384
f 1222/1518/1384 1211/1507/1385 1223/1519/1386
f 1211/1507/1385 1212/1508/1387 1223/1519/1386
f 1223/1519/1386 1212/1508/1387 1224/1520/1388
f 1212/1508/1387 1213/1509/1389 1224/1520/1388
f 1224/1520/1388 1213/1509/1389 1225/1521/1390
f 1213/1509/1389 1214/1510/1391 1225/1521/1390
f 1225/1521/1390 1214/1510/1391 1226/1522/1392
f 1214/1510/1391 1215/1511/1393 1226/1522/1392
f 1226/1522/1392 1215/1511/1393 1227/1523/1394
f 1215/1511/1393 1216/1512/1395 1227/1523/1394
f 1227/1523/1394 1216/1512/1395 1228/1524/1396
f 1216/1512/1395 1205/1501/1373 1228/1524/1396
f 1228/1524/1396 1205/1501/1373 1217/1513/1375
g default
v 56.369313 3.232419 -3.584924
v 56.304773 2.991553 -3.585741
v 56.128449 2.815228 -3.586856
v 55.887585 2.750689 -3.587971
v 55.646721 2.815231 -3.588788
v 55.470394 2.991556 -3.589087
v 55.405855 3.232423 -3.588788
v 55.470392 3.473287 -3.587971
v 55.646717 3.649612 -3.586856
v 55.887581 3.714151 -3.585741
v 56.128447 3.649611 -3.584924
v 56.304771 3.473284 -3.584625
v 56.389396 3.244014 -8.603583
v 56.324856 3.003148 -8.604400
v 56.148531 2.826822 -8.605515
v 55.907668 2.762283 -8.606630
v 55.666804 2.826825 -8.607447
v 55.490477 3.003151 -8.607746
v 55.425938 3.244017 -8.607447
v 55.490476 3.484881 -8.606632
v 55.666800 3.661207 -8.605515
v 55.907664 3.725745 -8.604400
v 56.148530 3.661206 -8.603583
v 56.324854 3.484878 -8.603284
vt 0.377279 0.419762
vt 0.387653 0.419763
vt 0.398026 0.419763
vt 0.283919 0.419762
vt 0.294292 0.419762
vt 0.304666 0.419762
vt 0.315039 0.419762
vt 0.325412 0.419762
vt 0.335786 0.419762
vt 0.346159 0.419762
vt 0.356532 0.419762
vt 0.366906 0.419762
vt 0.377278 0.628538
vt 0.387651 0.628538
vt 0.273544 0.628538
vt 0.283918 0.628538
vt 0.294291 0.628538
vt 0.304664 0.628538
vt 0.315038 0.628538
vt 0.325411 0.628538
vt 0.335784 0.628538
vt 0.346158 0.628538
vt 0.356531 0.628538
vt 0.366905 0.628538
vt 0.273545 0.419762
vt 0.398025 0.628538
vn 0.999992 0.000029 0.004002
vn 0.866011 -0.500020 0.002310
vn 0.999992 -0.000016 0.004002
vn 0.866028 -0.499990 0.002310
vn 0.500002 -0.866025 -0.000000
vn 0.500000 -0.866026 0.000000
vn 0.000015 -0.999997 -0.002310
vn -0.000017 -0.999997 -0.002310
vn -0.499984 -0.866025 -0.004001
vn -0.500014 -0.866008 -0.004002
vn -0.866003 -0.500017 -0.004621
vn -0.866028 -0.499974 -0.004621
vn -0.999992 -0.000050 -0.004002
vn -0.999992 0.000055 -0.004001
vn -0.866034 0.499979 -0.002311
vn -0.866019 0.500005 -0.002310
vn -0.499999 0.866026 -0.000000
vn -0.500003 0.866024 -0.000000
vn -0.000012 0.999997 0.002310
vn -0.000004 0.999997 0.002310
vn 0.499967 0.866035 0.004001
vn 0.500020 0.866005 0.004002
vn 0.865979 0.500059 0.004621
vn 0.866040 0.499953 0.004621
s 1
g well_log_low18
usemtl main1
f 1229/1527/1397 1230/1528/1398 1241/1539/1399
f 1241/1539/1399 1230/1528/1398 1242/1540/1400
f 1230/1528/1398 1231/1529/1401 1242/1540/1400
f 1242/1540/1400 1231/1529/1401 1243/1552/1402
f 1231/1551/1401 1232/1530/1403 1243/1541/1402
f 1243/1541/1402 1232/1530/1403 1244/1542/1404
f 1232/1530/1403 1233/1531/1405 1244/1542/1404
f 1244/1542/1404 1233/1531/1405 1245/1543/1406
f 1233/1531/1405 1234/1532/1407 1245/1543/1406
f 1245/1543/1406 1234/1532/1407 1246/1544/1408
f 1234/1532/1407 1235/1533/1409 1246/1544/1408
f 1246/1544/1408 1235/1533/1409 1247/1545/1410
f 1235/1533/1409 1236/1534/1411 1247/1545/1410
f 1247/1545/1410 1236/1534/1411 1248/1546/1412
f 1236/1534/1411 1237/1535/1413 1248/1546/1412
f 1248/1546/1412 1237/1535/1413 1249/1547/1414
f 1237/1535/1413 1238/1536/1415 1249/1547/1414
f 1249/1547/1414 1238/1536/1415 1250/1548/1416
f 1238/1536/1415 1239/1537/1417 1250/1548/1416
f 1250/1548/1416 1239/1537/1417 1251/1549/1418
f 1239/1537/1417 1240/1538/1419 1251/1549/1418
f 1251/1549/1418 1240/1538/1419 1252/1550/1420
f 1240/1538/1419 1229/1527/1397 1252/1550/1420
f 1252/1550/1420 1229/1527/1397 1241/1539/1399
g default
v 55.472363 2.525185 -3.591406
v 55.651040 2.703861 -3.591717
v 55.895115 2.769262 -3.592141
v 56.139195 2.703861 -3.592566
v 56.317868 2.525185 -3.592876
v 56.383271 2.281109 -3.592990
v 56.317868 2.037032 -3.592876
v 56.139195 1.858355 -3.592566
v 55.895115 1.792956 -3.592141
v 55.651040 1.858355 -3.591716
v 55.472363 2.037032 -3.591405
v 55.406964 2.281109 -3.591292
v 55.513627 2.519940 -8.586731
v 55.688466 2.694777 -8.587035
v 55.927296 2.758772 -8.587451
v 56.166127 2.694778 -8.587867
v 56.340966 2.519940 -8.588171
v 56.404961 2.281108 -8.588282
v 56.340966 2.042277 -8.588171
v 56.166127 1.867440 -8.587867
v 55.927296 1.803445 -8.587451
v 55.688466 1.867439 -8.587036
v 55.513627 2.042277 -8.586732
v 55.449631 2.281109 -8.586620
vt 0.236026 0.433732
vt 0.246398 0.433846
vt 0.256771 0.433993
vt 0.142666 0.433977
vt 0.153040 0.433989
vt 0.163413 0.433975
vt 0.173786 0.433928
vt 0.184160 0.433855
vt 0.194533 0.433770
vt 0.204906 0.433697
vt 0.215279 0.433657
vt 0.225652 0.433667
vt 0.235069 0.638806
vt 0.245219 0.638918
vt 0.133566 0.639023
vt 0.143716 0.639046
vt 0.153867 0.639058
vt 0.164017 0.639044
vt 0.174167 0.638998
vt 0.184318 0.638927
vt 0.194468 0.638844
vt 0.204618 0.638773
vt 0.214768 0.638733
vt 0.224919 0.638743
vt 0.132293 0.433953
vt 0.255368 0.639062
vn -0.866293 0.499478 -0.007680
vn -0.500944 0.865463 -0.005327
vn -0.865606 0.500668 -0.007676
vn -0.498907 0.866639 -0.005314
vn -0.001262 0.999997 -0.002108
vn 0.001438 0.999997 -0.002091
vn 0.499069 0.866562 0.001115
vn 0.501109 0.865384 0.001128
vn 0.865717 0.500521 0.003477
vn 0.866413 0.499316 0.003482
vn 0.999991 -0.000091 0.004342
vn 0.999991 -0.000095 0.004342
vn 0.865648 -0.500641 0.003477
vn 0.866296 -0.499518 0.003481
vn 0.498922 -0.866646 0.001114
vn 0.500922 -0.865492 0.001127
vn -0.001443 -0.999997 -0.002109
vn 0.001253 -0.999997 -0.002092
vn -0.501080 -0.865384 -0.005328
vn -0.499080 -0.866539 -0.005315
vn -0.866384 -0.499319 -0.007681
vn -0.865714 -0.500481 -0.007676
vn -0.999964 0.000115 -0.008541
vn -0.999964 0.000097 -0.008541
s 1
g well_log_low17
usemtl main1
f 1253/1553/1421 1254/1554/1422 1265/1565/1423
f 1265/1565/1423 1254/1554/1422 1266/1566/1424
f 1254/1554/1422 1255/1555/1425 1266/1566/1424
f 1266/1566/1424 1255/1555/1425 1267/1578/1426
f 1255/1577/1425 1256/1556/1427 1267/1567/1426
f 1267/1567/1426 1256/1556/1427 1268/1568/1428
f 1256/1556/1427 1257/1557/1429 1268/1568/1428
f 1268/1568/1428 1257/1557/1429 1269/1569/1430
f 1257/1557/1429 1258/1558/1431 1269/1569/1430
f 1269/1569/1430 1258/1558/1431 1270/1570/1432
f 1258/1558/1431 1259/1559/1433 1270/1570/1432
f 1270/1570/1432 1259/1559/1433 1271/1571/1434
f 1259/1559/1433 1260/1560/1435 1271/1571/1434
f 1271/1571/1434 1260/1560/1435 1272/1572/1436
f 1260/1560/1435 1261/1561/1437 1272/1572/1436
f 1272/1572/1436 1261/1561/1437 1273/1573/1438
f 1261/1561/1437 1262/1562/1439 1273/1573/1438
f 1273/1573/1438 1262/1562/1439 1274/1574/1440
f 1262/1562/1439 1263/1563/1441 1274/1574/1440
f 1274/1574/1440 1263/1563/1441 1275/1575/1442
f 1263/1563/1441 1264/1564/1443 1275/1575/1442
f 1275/1575/1442 1264/1564/1443 1276/1576/1444
f 1264/1564/1443 1253/1553/1421 1276/1576/1444
f 1276/1576/1444 1253/1553/1421 1265/1565/1423
g default
v 60.181931 3.434531 -8.045890
v 60.181931 2.741456 -7.352816
v 60.181933 2.771280 -8.709141
v 60.181933 2.078206 -8.016066
vt 0.493318 0.508906
vt 0.615030 0.508921
vt 0.493303 0.625381
vt 0.615016 0.625396
vn 1.000000 0.000001 0.000001
vn 1.000000 0.000001 0.000001
vn 1.000000 0.000001 0.000001
vn 1.000000 0.000001 0.000001
s off
g log_circles13
usemtl main1
f 1277/1579/1445 1278/1580/1446 1280/1582/1447 1279/1581/1448
g default
v 55.357264 2.750097 -8.594600
v 56.337420 2.750097 -8.594600
v 55.357264 1.812120 -8.594602
v 56.337420 1.812120 -8.594602
vt 0.493318 0.508906
vt 0.615030 0.508921
vt 0.493303 0.625381
vt 0.615016 0.625396
vn 0.000000 0.000002 -1.000000
vn 0.000000 0.000002 -1.000000
vn 0.000000 0.000002 -1.000000
vn 0.000000 0.000002 -1.000000
s off
g log_circles12
usemtl main1
f 1281/1583/1449 1282/1584/1450 1284/1586/1451 1283/1585/1452
g default
v 55.448536 1.573248 -3.598741
v 55.624096 1.748806 -3.598741
v 55.863910 1.813064 -3.598741
v 56.103725 1.748806 -3.598741
v 56.279281 1.573248 -3.598741
v 56.343544 1.333432 -3.598741
v 56.279281 1.093616 -3.598741
v 56.103725 0.918058 -3.598741
v 55.863910 0.853800 -3.598741
v 55.624096 0.918058 -3.598741
v 55.448536 1.093616 -3.598741
v 55.384277 1.333432 -3.598741
v 55.448536 1.573249 -8.584566
v 55.624096 1.748806 -8.584566
v 55.863910 1.813064 -8.584566
v 56.103725 1.748806 -8.584566
v 56.279281 1.573249 -8.584566
v 56.343544 1.333432 -8.584566
v 56.279281 1.093616 -8.584566
v 56.103725 0.918058 -8.584567
v 55.863910 0.853800 -8.584566
v 55.624096 0.918058 -8.584567
v 55.448536 1.093616 -8.584566
v 55.384277 1.333432 -8.584566
vt 0.377278 0.654191
vt 0.387651 0.654191
vt 0.398025 0.654191
vt 0.283918 0.654191
vt 0.294291 0.654191
vt 0.304664 0.654191
vt 0.315038 0.654191
vt 0.325411 0.654191
vt 0.335784 0.654191
vt 0.346158 0.654191
vt 0.356531 0.654191
vt 0.366905 0.654191
vt 0.377279 0.862507
vt 0.387652 0.862507
vt 0.273545 0.862507
vt 0.283919 0.862507
vt 0.294292 0.862507
vt 0.304665 0.862507
vt 0.315039 0.862507
vt 0.325412 0.862507
vt 0.335786 0.862507
vt 0.346159 0.862507
vt 0.356532 0.862507
vt 0.366906 0.862507
vt 0.273544 0.654191
vt 0.398026 0.862506
vn -0.866026 0.499999 0.000000
vn -0.500000 0.866026 0.000000
vn -0.866026 0.499999 0.000000
vn -0.499999 0.866026 0.000000
vn -0.000000 1.000000 0.000000
vn 0.000000 1.000000 0.000000
vn 0.499999 0.866026 0.000000
vn 0.499999 0.866026 0.000000
vn 0.866026 0.499999 0.000000
vn 0.866015 0.500018 0.000000
vn 1.000000 -0.000025 0.000000
vn 1.000000 0.000025 0.000000
vn 0.866015 -0.500018 0.000000
vn 0.866024 -0.500002 0.000000
vn 0.499999 -0.866026 0.000000
vn 0.499998 -0.866027 0.000000
vn -0.000000 -1.000000 0.000000
vn 0.000002 -1.000000 0.000000
vn -0.500000 -0.866026 0.000000
vn -0.500001 -0.866025 0.000000
vn -0.866026 -0.499999 0.000000
vn -0.866027 -0.499997 0.000000
vn -1.000000 -0.000000 0.000000
vn -1.000000 0.000000 0.000000
s 1
g well_log_low19
usemtl main1
f 1285/1587/1453 1286/1588/1454 1297/1599/1455
f 1297/1599/1455 1286/1588/1454 1298/1600/1456
f 1286/1588/1454 1287/1589/1457 1298/1600/1456
f 1298/1600/1456 1287/1589/1457 1299/1612/1458
f 1287/1611/1457 1288/1590/1459 1299/1601/1458
f 1299/1601/1458 1288/1590/1459 1300/1602/1460
f 1288/1590/1459 1289/1591/1461 1300/1602/1460
f 1300/1602/1460 1289/1591/1461 1301/1603/1462
f 1289/1591/1461 1290/1592/1463 1301/1603/1462
f 1301/1603/1462 1290/1592/1463 1302/1604/1464
f 1290/1592/1463 1291/1593/1465 1302/1604/1464
f 1302/1604/1464 1291/1593/1465 1303/1605/1466
f 1291/1593/1465 1292/1594/1467 1303/1605/1466
f 1303/1605/1466 1292/1594/1467 1304/1606/1468
f 1292/1594/1467 1293/1595/1469 1304/1606/1468
f 1304/1606/1468 1293/1595/1469 1305/1607/1470
f 1293/1595/1469 1294/1596/1471 1305/1607/1470
f 1305/1607/1470 1294/1596/1471 1306/1608/1472
f 1294/1596/1471 1295/1597/1473 1306/1608/1472
f 1306/1608/1472 1295/1597/1473 1307/1609/1474
f 1295/1597/1473 1296/1598/1475 1307/1609/1474
f 1307/1609/1474 1296/1598/1475 1308/1610/1476
f 1296/1598/1475 1285/1587/1453 1308/1610/1476
f 1308/1610/1476 1285/1587/1453 1297/1599/1455
g default
v 55.409153 1.809179 -3.595440
v 55.409153 0.829024 -3.595440
v 56.347131 1.809179 -3.595438
v 56.347131 0.829024 -3.595438
vt 0.493318 0.508906
vt 0.615030 0.508921
vt 0.493303 0.625381
vt 0.615016 0.625396
vn -0.000002 0.000000 1.000000
vn -0.000002 0.000000 1.000000
vn -0.000002 0.000000 1.000000
vn -0.000002 0.000000 1.000000
s off
g log_circles8
usemtl main1
f 1309/1613/1477 1310/1614/1478 1312/1616/1479 1311/1615/1480
g default
v 56.353986 0.864443 -8.586619
v 55.373830 0.864443 -8.586619
v 56.353986 1.802420 -8.586621
v 55.373830 1.802420 -8.586621
vt 0.493318 0.508906
vt 0.615030 0.508921
vt 0.493303 0.625381
vt 0.615016 0.625396
vn -0.000000 -0.000002 -1.000000
vn -0.000000 -0.000002 -1.000000
vn -0.000000 -0.000002 -1.000000
vn -0.000000 -0.000002 -1.000000
s off
g log_circles7
usemtl main1
f 1313/1617/1481 1314/1618/1482 1316/1620/1483 1315/1619/1484
g default
v 55.872910 3.920929 -8.611467
v 56.565984 3.227855 -8.611467
v 55.209659 3.257679 -8.611469
v 55.902734 2.564604 -8.611469
vt 0.493318 0.508906
vt 0.615030 0.508921
vt 0.493303 0.625381
vt 0.615016 0.625396
vn 0.000001 0.000001 -1.000000
vn 0.000001 0.000001 -1.000000
vn 0.000001 0.000001 -1.000000
vn 0.000001 0.000001 -1.000000
s off
g log_circles11
usemtl main1
f 1317/1621/1485 1318/1622/1486 1320/1624/1487 1319/1623/1488
g default
v 56.384311 2.750097 -3.585239
v 55.404156 2.750097 -3.585239
v 56.384311 1.812120 -3.585237
v 55.404156 1.812120 -3.585237
vt 0.493318 0.508906
vt 0.615030 0.508921
vt 0.493303 0.625381
vt 0.615016 0.625396
vn 0.000000 0.000002 1.000000
vn 0.000000 0.000002 1.000000
vn 0.000000 0.000002 1.000000
vn 0.000000 0.000002 1.000000
s off
g log_circles10
usemtl main1
f 1321/1625/1489 1322/1626/1490 1324/1628/1491 1323/1627/1492
g default
v 55.410852 2.773778 -3.581001
v 56.391007 2.773778 -3.581001
v 55.410852 3.711755 -3.580999
v 56.391007 3.711755 -3.580999
vt 0.493318 0.508906
vt 0.615030 0.508921
vt 0.493303 0.625381
vt 0.615016 0.625396
vn -0.000000 -0.000002 1.000000
vn -0.000000 -0.000002 1.000000
vn -0.000000 -0.000002 1.000000
vn -0.000000 -0.000002 1.000000
s off
g log_circles9
usemtl main1
f 1325/1629/1493 1326/1630/1494 1328/1632/1495 1327/1631/1496
g default
v 60.056548 1.802421 -3.595440
v 59.076393 1.802421 -3.595440
v 60.056548 0.864444 -3.595438
v 59.076393 0.864444 -3.595438
vt 0.493318 0.508906
vt 0.615030 0.508921
vt 0.493303 0.625381
vt 0.615016 0.625396
vn 0.000000 0.000002 1.000000
vn 0.000000 0.000002 1.000000
vn 0.000000 0.000002 1.000000
vn 0.000000 0.000002 1.000000
s off
g log_circles6
usemtl main1
f 1329/1633/1497 1330/1634/1498 1332/1636/1499 1331/1635/1500
g default
v 59.888336 1.791031 -3.585239
v 59.888336 2.771186 -3.585239
v 58.950358 1.791031 -3.585237
v 58.950358 2.771186 -3.585237
vt 0.493318 0.508906
vt 0.615030 0.508921
vt 0.493303 0.625381
vt 0.615016 0.625396
vn 0.000002 -0.000000 1.000000
vn 0.000002 -0.000000 1.000000
vn 0.000002 -0.000000 1.000000
vn 0.000002 -0.000000 1.000000
s off
g log_circles5
usemtl main1
f 1333/1637/1501 1334/1638/1502 1336/1640/1503 1335/1639/1504
g default
v 60.206228 0.610895 -8.442435
v 60.206228 0.435337 -8.266875
v 60.206228 0.371078 -8.027060
v 60.206228 0.435337 -7.787245
v 60.206228 0.610895 -7.611689
v 60.206228 0.850711 -7.547427
v 60.206228 1.090527 -7.611689
v 60.206228 1.266085 -7.787245
v 60.206228 1.330343 -8.027060
v 60.206228 1.266085 -8.266875
v 60.206228 1.090527 -8.442435
v 60.206228 0.850711 -8.506694
v 55.220402 0.610894 -8.442435
v 55.220402 0.435337 -8.266875
v 55.220402 0.371078 -8.027060
v 55.220402 0.435337 -7.787245
v 55.220402 0.610894 -7.611689
v 55.220402 0.850711 -7.547427
v 55.220402 1.090527 -7.611689
v 55.220401 1.266085 -7.787245
v 55.220402 1.330343 -8.027060
v 55.220401 1.266085 -8.266875
v 55.220402 1.090527 -8.442435
v 55.220402 0.850711 -8.506694
vt 0.377278 0.654191
vt 0.387651 0.654191
vt 0.398025 0.654191
vt 0.283918 0.654191
vt 0.294291 0.654191
vt 0.304664 0.654191
vt 0.315038 0.654191
vt 0.325411 0.654191
vt 0.335784 0.654191
vt 0.346158 0.654191
vt 0.356531 0.654191
vt 0.366905 0.654191
vt 0.377279 0.862507
vt 0.387652 0.862507
vt 0.273545 0.862507
vt 0.283919 0.862507
vt 0.294292 0.862507
vt 0.304665 0.862507
vt 0.315039 0.862507
vt 0.325412 0.862507
vt 0.335786 0.862507
vt 0.346159 0.862507
vt 0.356532 0.862507
vt 0.366906 0.862507
vt 0.273544 0.654191
vt 0.398026 0.862506
vn 0.000000 -0.499999 -0.866026
vn 0.000000 -0.866026 -0.500000
vn 0.000000 -0.499999 -0.866026
vn 0.000000 -0.866026 -0.499999
vn 0.000000 -1.000000 -0.000000
vn -0.000000 -1.000000 0.000000
vn -0.000000 -0.866026 0.499999
vn 0.000000 -0.866026 0.499999
vn 0.000000 -0.499999 0.866026
vn 0.000000 -0.500018 0.866015
vn 0.000000 0.000025 1.000000
vn -0.000000 -0.000025 1.000000
vn -0.000000 0.500018 0.866015
vn -0.000000 0.500002 0.866024
vn -0.000000 0.866026 0.499999
vn -0.000000 0.866027 0.499998
vn 0.000000 1.000000 -0.000000
vn -0.000000 1.000000 0.000002
vn 0.000000 0.866026 -0.500000
vn 0.000000 0.866025 -0.500001
vn 0.000000 0.499999 -0.866026
vn 0.000000 0.499997 -0.866027
vn 0.000000 0.000000 -1.000000
vn 0.000000 -0.000000 -1.000000
s 1
g well_log_low15
usemtl main1
f 1337/1641/1505 1338/1642/1506 1349/1653/1507
f 1349/1653/1507 1338/1642/1506 1350/1654/1508
f 1338/1642/1506 1339/1643/1509 1350/1654/1508
f 1350/1654/1508 1339/1643/1509 1351/1666/1510
f 1339/1665/1509 1340/1644/1511 1351/1655/1510
f 1351/1655/1510 1340/1644/1511 1352/1656/1512
f 1340/1644/1511 1341/1645/1513 1352/1656/1512
f 1352/1656/1512 1341/1645/1513 1353/1657/1514
f 1341/1645/1513 1342/1646/1515 1353/1657/1514
f 1353/1657/1514 1342/1646/1515 1354/1658/1516
f 1342/1646/1515 1343/1647/1517 1354/1658/1516
f 1354/1658/1516 1343/1647/1517 1355/1659/1518
f 1343/1647/1517 1344/1648/1519 1355/1659/1518
f 1355/1659/1518 1344/1648/1519 1356/1660/1520
f 1344/1648/1519 1345/1649/1521 1356/1660/1520
f 1356/1660/1520 1345/1649/1521 1357/1661/1522
f 1345/1649/1521 1346/1650/1523 1357/1661/1522
f 1357/1661/1522 1346/1650/1523 1358/1662/1524
f 1346/1650/1523 1347/1651/1525 1358/1662/1524
f 1358/1662/1524 1347/1651/1525 1359/1663/1526
f 1347/1651/1525 1348/1652/1527 1359/1663/1526
f 1359/1663/1526 1348/1652/1527 1360/1664/1528
f 1348/1652/1527 1337/1641/1505 1360/1664/1528
f 1360/1664/1528 1337/1641/1505 1349/1653/1507
g default
v 60.194447 1.554253 -8.443298
v 60.194137 1.375577 -8.264621
v 60.193712 1.310177 -8.020546
v 60.193287 1.375577 -7.776466
v 60.192977 1.554253 -7.597793
v 60.192863 1.798330 -7.532390
v 60.192977 2.042406 -7.597793
v 60.193288 2.221083 -7.776466
v 60.193712 2.286483 -8.020546
v 60.194137 2.221083 -8.264621
v 60.194448 2.042406 -8.443298
v 60.194561 1.798330 -8.508697
v 55.199122 1.559498 -8.402034
v 55.198818 1.384661 -8.227195
v 55.198402 1.320666 -7.988365
v 55.197986 1.384660 -7.749534
v 55.197682 1.559498 -7.574695
v 55.197571 1.798330 -7.510700
v 55.197682 2.037162 -7.574695
v 55.197986 2.211998 -7.749534
v 55.198402 2.275993 -7.988365
v 55.198817 2.211999 -8.227195
v 55.199121 2.037162 -8.402034
v 55.199233 1.798329 -8.466030
vt 0.236026 0.433732
vt 0.246398 0.433846
vt 0.256771 0.433993
vt 0.142666 0.433977
vt 0.153040 0.433989
vt 0.163413 0.433975
vt 0.173786 0.433928
vt 0.184160 0.433855
vt 0.194533 0.433770
vt 0.204906 0.433697
vt 0.215279 0.433657
vt 0.225652 0.433667
vt 0.235069 0.638806
vt 0.245219 0.638918
vt 0.133566 0.639023
vt 0.143716 0.639046
vt 0.153867 0.639058
vt 0.164017 0.639044
vt 0.174167 0.638998
vt 0.184318 0.638927
vt 0.194468 0.638844
vt 0.204618 0.638773
vt 0.214768 0.638733
vt 0.224919 0.638743
vt 0.132293 0.433953
vt 0.255368 0.639062
vn -0.007680 -0.499478 -0.866293
vn -0.005327 -0.865463 -0.500944
vn -0.007676 -0.500668 -0.865606
vn -0.005314 -0.866639 -0.498907
vn -0.002108 -0.999997 -0.001262
vn -0.002091 -0.999997 0.001438
vn 0.001115 -0.866562 0.499069
vn 0.001128 -0.865384 0.501109
vn 0.003477 -0.500521 0.865717
vn 0.003482 -0.499316 0.866413
vn 0.004342 0.000091 0.999991
vn 0.004342 0.000095 0.999991
vn 0.003477 0.500641 0.865648
vn 0.003481 0.499518 0.866296
vn 0.001114 0.866646 0.498922
vn 0.001127 0.865492 0.500922
vn -0.002109 0.999997 -0.001443
vn -0.002092 0.999997 0.001253
vn -0.005328 0.865384 -0.501080
vn -0.005315 0.866539 -0.499080
vn -0.007681 0.499319 -0.866384
vn -0.007676 0.500481 -0.865714
vn -0.008541 -0.000115 -0.999964
vn -0.008541 -0.000097 -0.999964
s 1
g well_log_low13
usemtl main1
f 1361/1667/1529 1362/1668/1530 1373/1679/1531
f 1373/1679/1531 1362/1668/1530 1374/1680/1532
f 1362/1668/1530 1363/1669/1533 1374/1680/1532
f 1374/1680/1532 1363/1669/1533 1375/1692/1534
f 1363/1691/1533 1364/1670/1535 1375/1681/1534
f 1375/1681/1534 1364/1670/1535 1376/1682/1536
f 1364/1670/1535 1365/1671/1537 1376/1682/1536
f 1376/1682/1536 1365/1671/1537 1377/1683/1538
f 1365/1671/1537 1366/1672/1539 1377/1683/1538
f 1377/1683/1538 1366/1672/1539 1378/1684/1540
f 1366/1672/1539 1367/1673/1541 1378/1684/1540
f 1378/1684/1540 1367/1673/1541 1379/1685/1542
f 1367/1673/1541 1368/1674/1543 1379/1685/1542
f 1379/1685/1542 1368/1674/1543 1380/1686/1544
f 1368/1674/1543 1369/1675/1545 1380/1686/1544
f 1380/1686/1544 1369/1675/1545 1381/1687/1546
f 1369/1675/1545 1370/1676/1547 1381/1687/1546
f 1381/1687/1546 1370/1676/1547 1382/1688/1548
f 1370/1676/1547 1371/1677/1549 1382/1688/1548
f 1382/1688/1548 1371/1677/1549 1383/1689/1550
f 1371/1677/1549 1372/1678/1551 1383/1689/1550
f 1383/1689/1550 1372/1678/1551 1384/1690/1552
f 1372/1678/1551 1361/1667/1529 1384/1690/1552
f 1384/1690/1552 1361/1667/1529 1373/1679/1531
